nameLast,nameFirst,playerID,Age,year,reliability,mPA,mAB,mR,mH,m2B,m3B,mHR,mRBI,mSB,mCS,mBB,mSO,mIBB,mHBP,mSH,mSF,mGIDP,wOBA
Pujols,Albert,pujolal01,31,2011,0.87,620,520,97,162,36,1,34,103,12,4,89,68,31,5,0,6,18,0.4
Votto,Joey,vottojo01,28,2011,0.86,578,502,82,154,33,2,26,87,10,4,69,110,8,5,0,2,9,0.39
Cabrera,Miguel,cabremi01,28,2011,0.87,592,521,84,160,33,1,29,98,4,2,63,97,16,3,0,5,15,0.38
Fielder,Prince,fieldpr01,27,2011,0.88,629,524,82,145,26,2,30,91,3,2,88,121,15,12,0,5,11,0.38
Mauer,Joe,mauerjo01,28,2011,0.86,553,480,80,157,31,2,14,74,3,2,64,59,10,2,1,6,15,0.38
Youkilis,Kevin,youkike01,32,2011,0.84,476,407,72,119,28,3,19,70,5,2,54,89,4,10,0,5,7,0.38
Braun,Ryan,braunry02,28,2011,0.87,613,556,88,165,36,4,25,91,14,4,47,106,2,7,0,3,11,0.37
Choo,Shin-Soo,choosh01,29,2011,0.86,592,510,77,149,32,3,18,79,16,4,68,120,7,10,0,4,9,0.37
Hamilton,Josh,hamiljo03,30,2011,0.84,522,471,72,145,29,3,22,83,8,2,41,97,5,4,1,5,8,0.37
Heyward,Jason,heywaja01,22,2011,0.72,512,433,69,124,25,4,15,61,9,4,69,97,2,7,1,2,10,0.37
Holliday,Matt,hollima01,31,2011,0.87,604,532,84,160,36,2,22,87,14,5,62,95,7,7,0,3,11,0.37
Morneau,Justin,morneju01,30,2011,0.84,433,377,59,109,25,2,17,68,1,1,50,67,8,2,0,4,9,0.37
Ramirez,Hanley,ramirha01,28,2011,0.87,575,503,87,154,29,2,21,72,26,8,60,94,10,7,1,4,9,0.37
Teixeira,Mark,teixema01,31,2011,0.88,627,538,90,147,34,1,28,96,2,1,75,104,7,9,0,5,13,0.37
Tulowitzki,Troy,tulowtr01,27,2011,0.84,527,465,78,136,27,4,21,76,11,6,52,85,4,4,1,5,16,0.37
Cruz,Nelson,cruzne02,31,2011,0.8,474,424,63,120,25,2,23,71,16,4,43,97,5,2,1,4,10,0.36
Dunn,Adam,dunnad01,32,2011,0.87,591,498,71,125,27,1,31,86,2,1,84,162,10,6,0,3,8,0.36
Gonzalez,Adrian,gonzaad01,29,2011,0.87,614,525,79,147,27,1,28,88,2,1,81,109,21,4,1,3,17,0.36
Gonzalez,Carlos,gonzaca01,26,2011,0.82,550,502,84,152,29,7,22,76,19,6,38,117,5,3,2,5,8,0.36
Longoria,Evan,longoev01,26,2011,0.86,598,524,83,149,38,3,24,93,11,2,61,121,9,6,0,7,15,0.36
Morrison,Logan,morrilo01,24,2011,0.54,344,297,48,84,21,5,5,30,3,2,42,60,1,3,1,1,6,0.36
Ramirez,Manny,ramirma02,39,2011,0.81,403,343,52,97,20,1,15,56,2,1,52,80,11,6,0,2,8,0.36
Rodriguez,Alex,rodrial01,36,2011,0.85,551,479,74,129,24,1,26,96,10,3,60,102,5,6,0,6,11,0.36
Santana,Carlos,santaca01,25,2011,0.44,296,248,36,67,17,1,9,34,5,1,41,48,3,2,1,4,5,0.36
Upton,Justin,uptonju01,24,2011,0.84,544,476,71,135,27,5,19,68,14,6,58,133,5,4,1,5,12,0.36
Utley,Chase,utleych01,33,2011,0.86,524,446,76,121,23,3,19,67,13,1,57,81,5,16,1,4,6,0.36
Werth,Jayson,werthja01,32,2011,0.86,594,512,86,139,29,2,25,77,16,3,70,137,5,6,0,6,9,0.36
Wright,David,wrighda03,29,2011,0.87,597,521,80,150,33,2,20,83,18,8,65,128,6,3,0,8,12,0.36
Zimmerman,Ryan,zimmery01,27,2011,0.86,571,507,78,148,30,1,22,76,4,1,56,96,5,3,0,5,15,0.36
Bautista,Jose,bautijo02,31,2011,0.84,582,496,79,122,25,2,30,81,7,2,72,112,3,6,4,4,11,0.35
Bay,Jason,bayja01,33,2011,0.85,464,400,65,105,22,3,17,66,9,1,55,107,3,5,0,4,7,0.35
Berkman,Lance,berkmla01,35,2011,0.85,497,421,62,111,26,2,17,64,7,3,72,89,9,2,0,2,13,0.35
Butler,Billy,butlebi03,25,2011,0.86,606,543,68,164,39,1,15,74,2,1,55,82,4,3,0,5,22,0.35
Cano,Robinson,canoro01,29,2011,0.87,615,567,83,170,36,2,20,80,4,4,38,71,6,5,1,4,17,0.35
Drew,J.D.,drewjd01,36,2011,0.84,527,453,72,117,25,3,20,64,4,3,66,104,4,4,1,3,10,0.35
Ethier,Andre,ethiean01,29,2011,0.86,561,494,72,139,32,2,21,76,5,2,55,96,7,6,1,5,11,0.35
Hawpe,Brad,hawpebr01,32,2011,0.83,432,374,50,99,24,2,14,57,2,2,52,104,5,3,0,3,9,0.35
Howard,Ryan,howarry01,32,2011,0.87,580,513,80,135,24,4,31,102,4,1,58,152,9,5,0,4,11,0.35
Jones,Chipper,jonesch06,39,2011,0.83,450,380,56,103,20,1,13,52,5,1,65,66,10,1,0,4,11,0.35
Konerko,Paul,konerpa01,35,2011,0.86,578,508,70,138,26,1,26,81,2,1,59,97,5,6,0,5,13,0.35
Markakis,Nick,markani01,28,2011,0.88,626,556,78,162,39,2,14,70,7,3,63,93,5,2,0,5,12,0.35
McCann,Brian,mccanbr01,27,2011,0.85,538,470,61,131,30,1,19,77,5,1,57,84,6,6,1,4,13,0.35
McCutchen,Andrew,mccutan01,25,2011,0.81,576,505,82,145,30,6,14,57,25,7,61,88,2,4,1,5,6,0.35
Morales,Kendry,moralke01,28,2011,0.76,368,336,48,96,19,1,16,57,2,3,26,65,5,3,0,3,9,0.35
Pedroia,Dustin,pedrodu01,28,2011,0.85,447,394,67,116,29,1,11,48,12,3,41,42,2,4,3,5,10,0.35
Posey,Buster,poseybu01,24,2011,0.66,423,383,54,114,21,2,15,59,2,2,32,60,4,4,1,3,10,0.35
Quentin,Carlos,quentca01,29,2011,0.83,503,437,68,110,22,1,24,75,4,2,47,77,2,16,0,3,14,0.35
Sandoval,Pablo,sandopa01,25,2011,0.84,571,519,66,155,34,3,16,70,4,3,44,77,10,3,0,5,16,0.35
Stanton,Mike,stantmi03,22,2011,0.62,398,356,48,97,21,1,18,56,6,2,36,100,5,3,1,2,7,0.35
Swisher,Nick,swishni01,31,2011,0.86,578,500,78,127,28,2,24,73,2,2,68,126,2,4,2,4,12,0.35
Thome,Jim,thomeji01,41,2011,0.81,413,350,53,86,17,1,21,61,1,1,58,106,4,2,0,3,10,0.35
Uggla,Dan,ugglada01,31,2011,0.87,604,523,82,136,28,1,27,83,4,2,71,141,3,5,1,4,9,0.35
Wells,Casper,wellsca01,27,2011,0.29,250,226,31,64,13,2,8,33,3,2,20,45,1,2,1,1,5,0.35
Willingham,Josh,willijo03,32,2011,0.82,475,404,59,103,23,2,17,56,6,2,57,95,3,10,1,3,9,0.35
Abreu,Bobby,abreubo01,37,2011,0.87,600,522,78,139,31,2,15,76,21,8,71,112,4,2,0,5,13,0.34
Alvarez,Pedro,alvarpe01,24,2011,0.62,393,352,45,94,21,1,14,59,3,1,37,99,2,1,1,2,8,0.34
Barton,Daric,bartoda02,26,2011,0.83,562,471,68,124,26,4,10,53,5,3,77,90,3,3,7,4,7,0.34
Beltran,Carlos,beltrca01,34,2011,0.8,363,316,46,87,19,2,11,46,9,2,42,55,7,1,1,3,7,0.34
Betemit,Wilson,betemwi01,30,2011,0.66,362,325,40,88,22,1,11,44,2,1,32,83,2,2,1,2,7,0.34
Bruce,Jay,bruceja01,24,2011,0.83,525,469,70,125,22,3,23,66,5,4,49,114,3,3,1,3,9,0.34
Castillo,Welington,castiwe01,24,2011,0.08,210,188,26,51,13,1,6,26,3,1,18,39,1,2,1,1,4,0.34
Castro,Starlin,castrst01,21,2011,0.68,453,410,52,124,27,4,6,43,9,6,32,66,5,5,3,3,11,0.34
Ciriaco,Pedro,ciriape01,26,2011,0.02,203,181,26,50,10,2,5,23,3,1,18,37,1,2,1,1,4,0.34
Coghlan,Chris,coghlch01,26,2011,0.78,456,407,65,119,24,4,8,39,9,4,40,78,2,4,3,2,4,0.34
Crawford,Carl,crawfca02,30,2011,0.86,596,542,86,158,24,9,14,69,40,10,43,93,2,4,2,5,6,0.34
Cust,Jack,custja01,32,2011,0.84,474,398,59,97,17,0,18,55,3,1,70,141,2,3,0,3,6,0.34
Davis,Ike,davisik02,24,2011,0.71,500,436,62,119,27,1,15,60,4,2,57,105,5,2,1,4,10,0.34
DeJesus,David,dejesda01,32,2011,0.84,460,412,53,118,22,5,9,49,5,5,37,65,2,5,3,3,9,0.34
Delgado,Carlos,delgaca01,39,2011,0.68,211,186,26,48,10,1,9,30,1,1,20,41,3,3,0,2,5,0.34
Guerrero,Vladimir,guerrvl01,36,2011,0.85,562,517,72,147,24,2,22,81,4,3,35,72,6,6,0,4,19,0.34
Huff,Aubrey,huffau01,35,2011,0.87,594,526,75,141,32,3,20,79,4,2,57,89,5,5,0,6,13,0.34
Hunter,Torii,hunteto01,36,2011,0.86,574,515,71,140,30,1,20,78,13,7,50,104,5,5,0,4,15,0.34
Jay,Jon,jayjo02,26,2011,0.57,362,322,49,93,20,2,7,35,4,3,29,59,1,3,6,2,6,0.34
Johnson,Kelly,johnske05,29,2011,0.85,570,502,76,135,31,4,16,58,11,5,57,113,2,3,5,3,8,0.34
Johnson,Nick,johnsni01,33,2011,0.73,306,250,35,64,13,1,6,32,2,2,48,53,3,5,1,2,7,0.34
Joyce,Matthew,joycema01,27,2011,0.66,334,288,40,72,18,3,12,44,3,2,39,69,2,3,1,3,4,0.34
Kinsler,Ian,kinslia01,29,2011,0.85,494,434,75,119,25,2,15,56,19,4,47,65,1,5,3,5,9,0.34
Kubel,Jason,kubelja01,29,2011,0.85,549,490,67,131,26,3,20,83,2,1,51,105,5,3,0,5,13,0.34
Lee,Derrek,leede02,36,2011,0.86,574,507,73,137,31,1,20,77,3,2,61,113,3,2,0,4,18,0.34
Martinez,Osvaldo,martios01,23,2011,0.17,224,199,29,56,12,2,5,23,4,1,20,37,1,2,2,1,4,0.34
Martinez,Victor,martivi01,33,2011,0.84,536,482,63,138,28,1,16,74,2,1,47,64,4,2,0,5,15,0.34
Matsui,Hideki,matsuhi01,37,2011,0.83,530,467,56,124,22,1,19,74,1,1,57,88,4,3,0,3,9,0.34
McGehee,Casey,mcgehca01,29,2011,0.81,574,520,66,147,30,1,19,85,2,2,45,95,4,2,1,6,16,0.34
Moreland,Mitch,morelmi01,26,2011,0.42,286,248,34,66,11,1,11,37,5,2,32,54,5,2,1,3,5,0.34
Morse,Mike,morsemi01,29,2011,0.59,352,317,40,87,16,2,14,46,2,2,28,74,2,4,1,2,7,0.34
Napoli,Mike,napolmi01,30,2011,0.81,498,439,62,111,23,1,23,65,6,3,45,123,3,8,1,5,10,0.34
Ordonez,Magglio,ordonma01,37,2011,0.83,434,390,51,113,20,1,11,56,2,2,40,58,1,1,0,3,16,0.34
Ortiz,David,ortizda01,36,2011,0.85,566,490,73,122,31,1,24,86,2,1,68,122,9,3,1,4,11,0.34
Prado,Martin,pradoma01,28,2011,0.83,576,522,79,157,37,3,12,60,5,3,40,78,2,3,6,5,13,0.34
Raburn,Ryan,raburry01,30,2011,0.76,434,392,56,106,22,2,15,58,5,3,33,94,2,5,2,2,8,0.34
Ramirez,Aramis,ramirar01,33,2011,0.83,488,437,62,116,23,1,20,76,2,1,41,80,4,6,0,4,10,0.34
Ramirez,Wilkin,ramirwi01,26,2011,0.04,201,178,27,48,9,2,6,24,3,1,18,36,1,2,1,2,4,0.34
Rasmus,Colby,rasmuco01,25,2011,0.8,519,461,75,124,25,2,18,59,8,4,50,115,6,2,3,3,6,0.34
Rolen,Scott,rolensc01,36,2011,0.84,522,463,64,126,31,2,14,65,4,2,46,79,2,7,0,6,10,0.34
Ross,Dave,rossda01,34,2011,0.61,288,245,31,63,17,1,7,36,2,2,35,61,2,2,4,2,6,0.34
Sanchez,Gaby,sanchga01,28,2011,0.74,524,468,59,127,29,2,16,67,5,1,46,85,2,4,2,4,11,0.34
Scott,Luke,scottlu01,33,2011,0.84,509,450,62,117,26,1,22,66,2,1,52,101,5,3,0,4,7,0.34
Smith,Seth,smithse01,29,2011,0.77,438,389,59,102,21,4,16,56,4,1,43,77,2,2,1,3,6,0.34
Soto,Geovany,sotoge01,28,2011,0.81,432,372,45,97,22,1,15,56,2,1,54,90,4,2,0,4,11,0.34
Tabata,Jose,tabatjo01,23,2011,0.65,420,380,57,113,21,3,6,39,15,5,31,60,1,3,4,2,7,0.34
Torres,Andres,torrean02,33,2011,0.75,502,447,71,118,31,8,14,56,18,5,47,112,2,3,4,1,8,0.34
Valencia,Danny,valenda01,27,2011,0.57,361,329,38,97,19,1,9,43,4,1,27,57,1,1,1,3,10,0.34
Viciedo,Dayan,vicieda01,22,2011,0.31,253,232,34,67,14,1,8,30,4,1,17,48,1,2,1,1,7,0.34
Walker,Neil,walkene01,26,2011,0.68,438,395,54,113,25,2,11,56,4,3,35,78,2,3,2,3,6,0.34
Weeks,Rickie,weeksri01,29,2011,0.84,593,516,86,133,24,4,20,63,12,4,59,135,1,15,1,2,6,0.34
Zobrist,Ben,zobribe01,30,2011,0.84,587,497,75,129,26,4,17,73,17,4,76,101,3,3,4,7,9,0.34
Bates,Aaron,batesaa01,27,2011,0.04,201,179,24,48,10,1,5,23,3,1,18,37,1,2,1,1,4,0.33
Beckham,Gordon,beckhgo01,25,2011,0.78,492,436,61,116,27,2,12,58,6,5,42,84,1,6,4,4,10,0.33
Beltre,Adrian,beltrad01,32,2011,0.85,568,523,68,147,34,1,19,71,7,2,36,85,6,5,0,4,18,0.33
Blanks,Kyle,blankky01,25,2011,0.52,277,241,35,58,14,1,10,33,3,1,28,73,1,6,1,1,5,0.33
Bradley,Milton,bradlmi01,33,2011,0.8,386,329,47,84,16,1,11,41,5,3,47,87,5,6,1,3,7,0.33
Branyan,Russell,branyru01,36,2011,0.79,464,406,54,97,20,1,24,60,3,1,48,132,5,5,1,4,6,0.33
Byrd,Marlon,byrdma01,34,2011,0.85,575,523,71,146,35,2,14,67,7,3,36,94,2,11,1,4,11,0.33
Cain,Lorenzo,cainlo01,25,2011,0.4,279,253,32,72,16,2,5,29,8,2,21,49,1,2,1,2,4,0.33
Carp,Mike,carpmi01,25,2011,0.28,227,199,24,53,11,1,5,21,3,1,22,40,1,3,1,2,4,0.33
Colvin,Tyler,colvity01,26,2011,0.63,399,359,55,93,18,4,16,53,6,2,33,89,2,3,1,3,7,0.33
Conger,Hank,congeha01,23,2011,0.12,217,192,25,50,10,2,5,26,3,1,21,40,1,2,1,1,5,0.33
Corporan,Carlos,corpoca01,27,2011,0,200,178,24,48,9,1,5,23,3,1,18,35,1,2,1,1,4,0.33
Cousins,Scott,cousisc01,26,2011,0.14,219,197,24,54,11,3,5,23,3,1,18,43,1,2,1,1,4,0.33
Damon,Johnny,damonjo01,38,2011,0.86,569,506,79,135,29,4,14,58,14,3,58,90,1,2,2,1,7,0.33
Denker,Travis,denketr01,26,2011,0.1,200,178,24,47,10,1,5,22,3,1,18,37,1,2,1,1,4,0.33
Drew,Stephen,drewst01,28,2011,0.86,576,519,72,142,31,9,14,58,7,3,48,96,4,2,3,4,6,0.33
Dukes,Elijah,dukesel01,27,2011,0.69,242,211,27,54,11,2,6,31,5,4,27,48,1,2,0,2,5,0.33
Durango,Luis,duranlu01,25,2011,0.21,228,203,29,56,9,1,5,24,8,2,20,38,1,2,2,1,6,0.33
Dye,Jermaine,dyeje01,37,2011,0.78,257,232,33,59,11,1,11,33,1,1,22,48,1,2,0,1,7,0.33
Encarnacion,Edwin,encared01,28,2011,0.8,417,369,50,90,18,1,18,50,2,1,39,75,1,5,0,4,9,0.33
Fowler,Dexter,fowlede01,25,2011,0.8,504,435,70,115,24,10,7,39,17,8,57,103,1,2,8,2,5,0.33
Francisco,Juan,francju02,24,2011,0.25,232,208,26,58,11,1,6,29,3,2,20,49,1,2,1,1,5,0.33
Freese,David,freesda01,28,2011,0.55,338,302,37,85,16,1,7,43,3,2,27,67,1,4,3,2,8,0.33
Fukudome,Kosuke,fukudko01,34,2011,0.84,475,404,56,102,23,3,10,45,7,7,63,86,3,2,2,4,8,0.33
Furcal,Rafael,furcara01,34,2011,0.82,482,433,67,120,23,5,9,42,15,5,43,70,3,2,2,2,8,0.33
Gamel,Mat,gamelma01,26,2011,0.36,223,197,23,51,11,1,6,26,3,1,22,56,2,2,1,1,4,0.33
Gardner,Brett,gardnbr01,28,2011,0.79,513,442,79,119,18,6,6,46,37,7,57,89,1,5,6,3,6,0.33
Gillaspie,Conor,gillaco01,24,2011,0.02,200,177,24,48,9,1,5,23,3,1,19,34,1,2,1,1,4,0.33
Glaus,Troy,glaustr01,35,2011,0.79,445,386,47,95,19,1,15,60,2,1,53,87,2,3,0,3,12,0.33
Granderson,Curtis,grandcu01,30,2011,0.86,535,475,74,120,19,7,20,58,12,3,53,108,3,2,3,2,4,0.33
Hafner,Travis,hafnetr01,34,2011,0.79,469,409,49,105,24,0,14,52,3,1,48,94,8,8,1,3,6,0.33
Hanigan,Ryan,hanigry01,31,2011,0.69,351,303,34,82,13,1,6,36,2,1,40,43,5,4,2,2,9,0.33
Harman,Brad,harmabr01,26,2011,0.03,200,178,24,47,10,1,5,23,3,1,18,35,1,2,1,1,4,0.33
Hart,Corey,hartco01,29,2011,0.85,554,503,72,135,31,4,19,74,12,6,39,112,2,5,2,5,12,0.33
Heisey,Chris,heisech01,27,2011,0.48,313,279,42,73,14,1,10,32,3,2,25,66,2,5,2,2,5,0.33
Helton,Todd,heltoto01,38,2011,0.83,501,429,54,116,23,1,10,49,1,1,65,80,5,2,0,5,11,0.33
Hill,Steven,hillst01,26,2011,0.01,202,180,25,48,9,1,6,24,3,1,18,36,1,2,1,1,4,0.33
Iannetta,Chris,iannech01,28,2011,0.76,346,293,38,69,15,2,13,46,2,1,41,74,2,8,1,3,5,0.33
Ibanez,Raul,ibanera01,39,2011,0.86,574,513,71,135,31,3,19,78,4,2,54,108,8,2,0,5,14,0.33
Infante,Omar,infanom01,30,2011,0.79,476,435,57,129,20,3,7,49,5,3,32,65,2,2,3,4,11,0.33
Jackson,Austin,jacksau01,24,2011,0.74,538,488,79,143,27,7,6,41,19,4,41,122,3,4,2,3,6,0.33
Jaso,John,jasojo01,28,2011,0.63,402,345,54,91,18,3,7,44,5,1,50,51,2,3,1,3,8,0.33
Jennings,Desmond,jennide01,25,2011,0.09,212,188,27,49,10,2,5,24,5,3,19,37,1,3,1,1,4,0.33
Jeter,Derek,jeterde01,37,2011,0.88,641,575,87,163,25,2,12,59,17,5,54,93,3,6,3,3,19,0.33
Johnson,Chris,johnsch05,27,2011,0.61,383,352,43,101,21,2,11,50,4,1,23,85,2,3,1,4,8,0.33
Jones,Adam,jonesad01,26,2011,0.85,562,517,73,144,24,4,16,66,9,5,31,107,2,9,2,3,14,0.33
Kalish,Ryan,kalisry01,23,2011,0.43,290,260,39,70,16,2,7,36,10,2,24,54,1,2,2,2,7,0.33
Kemp,Matt,kempma01,27,2011,0.87,601,544,79,150,26,5,21,78,24,10,47,137,5,3,1,6,12,0.33
LaRoche,Adam,larocad01,32,2011,0.86,570,513,67,134,32,2,21,80,2,2,51,140,6,2,0,4,9,0.33
Lind,Adam,lindad01,28,2011,0.85,572,522,67,140,32,2,22,76,2,1,41,113,4,4,1,4,11,0.33
Lowrie,Jed,lowrije01,27,2011,0.65,306,267,37,69,19,1,8,39,3,1,32,56,1,2,1,4,5,0.33
Lucy,Donny,lucydo01,29,2011,0.07,209,186,24,49,11,1,6,23,4,1,19,37,1,2,1,1,4,0.33
Ludwick,Ryan,ludwiry01,33,2011,0.85,529,471,65,123,25,2,20,77,3,3,45,116,2,7,1,5,9,0.33
Mayberry,John,maybejo02,28,2011,0.2,212,191,27,49,10,1,8,27,3,2,17,46,1,2,1,1,5,0.33
Montero,Miguel,montemi01,28,2011,0.78,412,370,48,101,25,1,12,48,2,2,35,80,4,3,1,3,8,0.33
Murphy,David,murphda07,30,2011,0.83,483,433,58,118,25,2,14,62,10,3,43,87,3,1,1,5,7,0.33
Nunez,Eduardo,nunezed02,24,2011,0.18,226,203,32,56,10,1,6,27,7,1,19,34,1,2,1,1,7,0.33
Overbay,Lyle,overbly01,34,2011,0.85,554,485,64,121,32,2,16,61,2,1,63,113,5,2,1,3,12,0.33
Pagan,Angel,paganan01,30,2011,0.81,554,504,70,144,28,8,10,57,24,7,40,89,4,1,5,4,7,0.33
Pagnozzi,Matt,pagnoma01,29,2011,0.17,222,198,25,54,10,1,6,28,3,1,18,39,1,2,3,1,5,0.33
Pena,Carlos,penaca01,33,2011,0.85,548,460,68,101,21,1,27,81,4,2,76,149,6,8,0,4,5,0.33
Pence,Hunter,pencehu01,28,2011,0.87,594,546,74,150,27,3,21,73,13,9,43,104,2,2,0,3,14,0.33
Posada,Jorge,posadjo01,40,2011,0.79,469,409,51,103,24,1,17,62,3,1,51,104,4,5,1,3,11,0.33
Ramos,Wilson,ramoswi01,24,2011,0.25,241,219,26,60,14,1,6,24,3,1,18,40,1,2,1,1,5,0.33
Reyes,Jose,reyesjo01,28,2011,0.83,518,472,69,133,24,9,10,48,28,8,38,62,4,2,3,3,7,0.33
Reynolds,Mark,reynoma01,28,2011,0.86,564,489,76,114,22,2,28,80,12,5,65,184,4,5,1,4,8,0.33
Rhymes,Will,rhymewi01,28,2011,0.47,306,273,39,77,16,3,5,31,3,3,24,40,1,1,6,2,4,0.33
Roberts,Brian,roberbr01,34,2011,0.84,402,355,53,97,26,2,7,36,17,4,40,66,2,2,1,4,5,0.33
Sizemore,Grady,sizemgr01,29,2011,0.8,320,280,41,70,14,3,10,37,11,4,35,62,3,3,1,1,3,0.33
Snelling,Chris,snellch02,30,2011,0.01,200,179,24,47,10,1,6,22,3,1,17,36,1,2,1,1,4,0.33
Snider,Travis,snidetr01,23,2011,0.71,387,349,46,92,22,1,13,43,5,2,33,91,2,2,1,2,5,0.33
Snyder,Brandon,snydebr03,25,2011,0.08,210,189,24,51,11,1,5,25,3,2,17,36,1,2,1,1,4,0.33
Sogard,Eric,sogarer01,25,2011,0.04,204,181,24,49,9,1,5,22,3,2,19,35,1,2,1,1,4,0.33
Span,Denard,spande01,27,2011,0.86,620,543,83,153,21,8,7,59,22,6,59,81,2,6,9,3,9,0.33
Spilborghs,Ryan,spilbry01,32,2011,0.78,433,383,52,101,22,3,10,48,8,5,42,86,1,4,2,2,9,0.33
Stewart,Ian,stewaia01,26,2011,0.81,470,412,60,104,19,3,18,63,6,3,48,120,6,6,0,4,7,0.33
Stubbs,Drew,stubbdr01,27,2011,0.76,511,454,74,119,18,4,18,62,22,6,46,130,2,4,3,4,6,0.33
Thole,Josh,tholejo01,25,2011,0.53,319,284,30,80,13,2,6,32,4,1,30,44,2,2,1,2,8,0.33
Victorino,Shane,victosh01,31,2011,0.87,593,536,81,145,28,8,13,57,26,7,47,74,3,6,2,2,6,0.33
Young,Delmon,youngde03,26,2011,0.85,548,508,68,147,31,2,15,80,7,4,28,92,4,5,1,6,16,0.33
Young,Michael,youngmi02,35,2011,0.87,618,564,80,159,31,2,16,71,7,2,46,102,2,2,0,6,17,0.33
Aguila,Chris,aguilch01,32,2011,0.04,200,177,22,45,9,1,5,21,3,1,18,37,1,2,2,1,4,0.32
Alonso,Yonder,alonsyo01,24,2011,0.11,214,193,25,51,11,1,5,24,3,1,17,41,1,2,1,1,5,0.32
Anderson,Bryan,anderbr05,25,2011,0.13,218,195,24,53,11,1,5,25,3,1,18,39,1,2,1,2,4,0.32
Anderson,Lars,anderla03,24,2011,0.15,222,195,26,51,10,1,5,25,3,1,22,39,1,2,1,2,4,0.32
Antonelli,Matt,antonma01,26,2011,0.14,200,178,23,46,9,1,5,21,3,1,17,35,2,3,1,1,4,0.32
Arencibia,J.P.,arencjp01,25,2011,0.13,218,196,25,49,10,1,7,25,3,1,18,42,1,2,1,1,4,0.32
Aubrey,Michael,aubremi01,29,2011,0.31,210,190,23,50,10,1,6,24,2,1,17,33,1,1,1,1,5,0.32
Avila,Alex,avilaal01,24,2011,0.62,374,331,39,83,16,1,10,42,4,2,39,74,1,2,1,1,10,0.32
Aviles,Mike,avilemi01,30,2011,0.77,437,409,57,117,19,3,9,39,10,4,22,62,2,2,1,3,11,0.32
Bailey,Jeff,baileje01,33,2011,0.31,209,184,26,46,8,2,6,22,2,1,20,43,1,3,1,1,6,0.32
Baisley,Jeff,baislje01,29,2011,0.11,200,179,21,47,9,1,5,22,3,1,17,35,1,2,1,1,5,0.32
Baker,Jeff,bakerje03,30,2011,0.72,337,305,43,82,19,2,8,37,3,1,26,75,1,2,1,3,8,0.32
Baker,John,bakerjo01,30,2011,0.7,286,252,35,66,15,1,6,32,1,1,28,59,3,3,1,2,8,0.32
Bartlett,Jason,bartlja01,32,2011,0.84,523,468,67,129,26,4,7,50,18,6,41,84,2,5,6,3,7,0.32
Barton,Brian,bartobr01,29,2011,0.31,200,177,24,46,9,1,4,20,3,1,18,39,1,2,2,1,4,0.32
Bellorin,Edwin,belloed01,29,2011,0.04,201,180,23,47,9,1,5,22,3,1,17,35,2,2,1,1,4,0.32
Bernier,Doug,bernido01,31,2011,0.01,200,179,23,46,9,1,5,22,3,1,17,36,1,2,1,1,4,0.32
Blake,Casey,blakeca01,38,2011,0.85,542,481,62,122,26,2,16,64,3,3,47,121,6,7,2,5,10,0.32
Boesch,Brennan,boescbr01,26,2011,0.68,456,410,48,108,23,3,12,58,7,1,38,85,4,4,1,3,6,0.32
Bohn,T.J.,bohntj01,31,2011,0.01,200,179,23,47,10,1,5,23,3,1,17,36,1,2,1,1,4,0.32
Boscan,J.C.,boscajc01,32,2011,0,200,178,24,46,9,1,5,22,3,1,18,36,1,2,1,1,4,0.32
Botts,Jason,bottsja01,31,2011,0.1,200,177,22,44,10,1,5,22,3,1,19,41,1,2,1,1,4,0.32
Brown,Dusty,browndu01,29,2011,0.06,206,185,23,48,10,1,6,24,3,1,17,36,1,2,1,1,5,0.32
Buck,John,buckjo01,31,2011,0.78,439,401,48,102,24,2,15,59,2,2,28,106,2,5,1,4,8,0.32
Budde,Ryan,buddery01,32,2011,0.06,206,185,24,48,10,1,6,24,3,1,17,41,1,2,1,1,4,0.32
Burrell,Pat,burrepa01,35,2011,0.83,466,402,49,95,20,1,17,60,2,1,57,109,4,2,0,5,7,0.32
Cabrera,Asdrubal,cabreas01,26,2011,0.83,471,419,55,118,25,2,6,47,9,4,37,75,1,3,9,3,10,0.32
Callaspo,Alberto,callaal01,28,2011,0.84,564,518,62,145,29,4,9,56,5,2,39,51,3,1,1,5,16,0.32
Cameron,Mike,camermi01,38,2011,0.8,353,312,42,75,17,1,12,38,6,2,35,90,1,3,1,2,6,0.32
Cannizaro,Andy,cannian01,33,2011,0,200,179,23,46,9,1,5,22,3,1,17,36,1,2,1,1,4,0.32
Cantu,Jorge,cantujo01,29,2011,0.86,522,476,57,128,30,1,14,67,3,1,34,86,3,6,1,5,13,0.32
Castillo,Wilkin,castiwi01,27,2011,0.09,200,179,24,48,9,1,5,22,3,1,17,35,1,2,1,1,4,0.32
Cervelli,Francisco,cervefr01,25,2011,0.63,369,320,38,88,15,2,4,43,3,3,33,54,2,5,7,4,7,0.32
Christian,Justin,chrisju01,31,2011,0.1,200,179,24,46,10,1,5,23,6,2,17,35,1,2,1,1,4,0.32
Clark,Howie,clarkho02,37,2011,0.02,200,179,22,46,10,1,5,22,3,1,17,37,1,2,1,1,4,0.32
Clevlen,Brent,clevlbr01,28,2011,0.08,202,180,25,47,9,1,5,21,3,1,18,38,1,2,1,1,5,0.32
Coats,Buck,coatsbu01,29,2011,0.01,200,178,23,46,9,1,5,22,4,1,18,36,1,2,1,1,4,0.32
Conrad,Brooks,conrabr01,31,2011,0.49,294,264,40,65,14,2,10,41,6,2,24,66,1,2,3,1,4,0.32
Crisp,Coco,crispco01,32,2011,0.76,386,340,52,89,16,4,8,38,23,4,36,59,1,1,5,4,7,0.32
Cuddyer,Michael,cuddymi01,32,2011,0.85,602,544,78,143,31,5,17,75,7,2,50,98,5,5,0,3,20,0.32
D'Antona,Jamie,dantoja01,29,2011,0.05,200,178,23,46,9,1,5,22,3,1,18,36,1,2,1,1,4,0.32
Davis,Chris,davisch02,25,2011,0.73,310,284,36,71,16,1,12,38,3,1,23,88,2,1,0,2,5,0.32
De Aza,Alejandro,deazaal01,27,2011,0.18,219,194,30,52,11,1,5,23,4,2,19,38,1,2,2,2,4,0.32
Denorfia,Chris,denorch01,31,2011,0.6,359,321,45,85,17,2,9,41,8,3,30,63,3,3,2,3,7,0.32
DeRosa,Mark,derosma01,36,2011,0.79,310,274,41,68,13,1,10,38,3,1,28,62,1,4,1,3,7,0.32
Descalso,Daniel,descada01,25,2011,0.13,218,196,27,52,11,1,5,25,4,1,18,38,1,2,1,1,4,0.32
Desmond,Ian,desmoia01,26,2011,0.73,496,451,54,123,25,4,11,58,12,4,30,90,3,4,6,5,9,0.32
Diaz,Argenis,diazar01,24,2011,0.13,218,195,23,52,10,1,5,23,3,2,19,41,2,2,1,1,5,0.32
Diaz,Matt,diazma02,33,2011,0.74,364,327,41,88,17,2,9,44,8,3,25,74,2,7,3,2,10,0.32
Dickerson,Chris,dickech01,29,2011,0.64,283,248,32,64,12,3,5,22,9,2,29,66,1,2,2,2,4,0.32
Dlugach,Brent,dlugabr01,28,2011,0.01,200,179,24,46,9,1,5,22,3,1,17,37,1,2,1,1,4,0.32
Doumit,Ryan,doumiry01,30,2011,0.8,458,416,51,110,24,1,13,53,4,1,34,78,5,5,0,3,14,0.32
Duda,Lucas,dudalu01,25,2011,0.28,246,221,30,55,13,1,8,30,3,1,20,47,1,2,1,2,5,0.32
Durham,Ray,durhara01,40,2011,0.52,200,177,25,46,12,0,4,20,4,2,20,37,1,1,1,1,4,0.32
Dyson,Jarrod,dysonja01,27,2011,0.21,232,206,30,52,12,2,6,24,10,2,21,44,1,2,2,1,5,0.32
Edmonds,Jim,edmonji01,41,2011,0.68,336,298,44,73,19,1,12,35,3,1,33,72,1,2,1,2,5,0.32
Eldred,Brad,eldrebr01,31,2011,0.1,214,192,26,49,10,1,6,24,3,1,18,43,1,2,1,1,4,0.32
Ellison,Jason,ellisja01,33,2011,0.03,200,179,25,46,9,1,5,22,3,1,17,36,1,2,1,1,4,0.32
Escobar,Yunel,escobyu01,29,2011,0.85,544,479,65,131,21,1,9,51,5,3,51,63,2,6,7,1,18,0.32
Espinosa,Danny,espinda01,24,2011,0.32,256,230,33,58,11,2,9,31,3,2,22,52,2,2,1,1,3,0.32
Evans,Terry,evanste01,29,2011,0.03,201,180,24,47,9,1,5,22,3,1,17,37,1,2,1,1,4,0.32
Flores,Jesus,floreje02,27,2011,0.54,211,190,21,51,10,1,6,30,2,1,16,46,1,2,1,2,4,0.32
Flowers,Tyler,flowety01,25,2011,0.11,210,184,26,47,10,1,5,21,3,1,22,41,1,2,1,1,4,0.32
Francisco,Ben,francbe01,30,2011,0.78,344,309,42,79,20,1,10,37,8,3,27,63,1,4,2,2,8,0.32
Frazier,Jeff,frazije01,29,2011,0.09,212,190,25,49,10,1,5,22,3,1,18,39,1,2,1,1,6,0.32
Freeman,Freddie,freemfr01,22,2011,0.09,212,191,26,50,10,1,6,23,3,1,17,39,1,2,1,1,5,0.32
Fuld,Sam,fuldsa01,30,2011,0.34,227,200,28,52,11,1,4,19,3,1,23,35,2,2,1,1,5,0.32
Garko,Ryan,garkory01,30,2011,0.74,259,230,26,59,9,1,7,33,1,0,20,40,1,6,1,2,5,0.32
Giambi,Jason,giambja01,40,2011,0.78,347,291,36,65,13,1,12,48,2,1,44,75,3,8,0,4,6,0.32
Gibbons,Jay,gibboja01,34,2011,0.25,240,217,29,57,10,1,8,32,3,2,18,44,1,2,1,2,5,0.32
Golson,Greg,golsogr01,26,2011,0.1,212,191,26,50,11,1,5,23,4,3,17,38,1,2,1,1,4,0.32
Gomes,Jonny,gomesjo01,31,2011,0.79,517,461,65,118,23,2,19,72,7,3,39,118,3,10,1,6,7,0.32
Gordon,Alex,gordoal01,27,2011,0.76,359,313,45,76,16,1,10,35,5,3,39,76,2,3,2,2,8,0.32
Green,Andy,greenan01,34,2011,0.02,200,179,23,46,9,1,5,22,3,1,17,37,1,2,1,1,4,0.32
Guillen,Carlos,guillca01,36,2011,0.77,370,328,41,84,18,2,9,42,4,3,36,61,2,2,1,3,9,0.32
Guzman,Jesus,guzmaje01,27,2011,0.06,202,181,22,48,9,1,5,21,3,1,17,36,1,2,1,1,5,0.32
Hamilton,Mark,hamilma01,27,2011,0.06,208,186,23,48,9,1,5,22,3,1,18,39,1,2,1,1,4,0.32
Hatcher,Chris,hatchch02,26,2011,0.03,204,181,24,47,9,1,5,22,3,1,19,39,2,2,1,1,4,0.32
Hayes,Brett,hayesbr01,27,2011,0.28,243,219,28,55,13,2,7,25,3,1,20,52,2,2,1,1,5,0.32
Headley,Chase,headlch01,27,2011,0.85,598,537,64,142,28,3,12,58,12,3,53,130,3,4,1,3,12,0.32
Hicks,Brandon,hicksbr01,26,2011,0.02,203,181,29,47,9,1,5,22,3,1,18,37,1,2,1,1,4,0.32
Hinske,Eric,hinsker01,34,2011,0.76,382,336,47,83,20,1,13,49,4,1,39,84,4,4,0,3,7,0.32
Hoffmann,Jamie,hoffmja01,27,2011,0.07,202,180,23,47,10,1,5,25,3,1,16,36,1,2,1,3,5,0.32
Hoffpauir,Jarrett,hoffpja01,28,2011,0.17,220,195,23,50,11,1,5,22,3,1,20,38,1,2,2,1,5,0.32
Hollimon,Mike,hollimi01,29,2011,0.06,200,178,24,47,10,1,5,22,3,1,17,37,1,2,1,2,4,0.32
Holm,Steve,holmst01,32,2011,0.22,201,178,23,46,11,1,4,20,3,1,18,35,1,2,1,2,4,0.32
Horwitz,Brian,horwibr01,29,2011,0.1,200,177,23,46,8,1,6,22,3,1,18,37,1,2,1,2,4,0.32
House,J.R.,housejr01,32,2011,0.01,200,179,23,46,9,1,5,22,3,1,17,37,1,2,1,1,4,0.32
Huber,Justin,huberju01,29,2011,0.15,200,180,22,47,9,1,5,22,3,1,16,39,1,2,1,1,4,0.32
Hudson,Orlando,hudsoor01,34,2011,0.85,543,483,66,131,27,4,8,46,8,2,48,88,2,3,5,4,15,0.32
Huffman,Chad,huffmch01,26,2011,0.08,210,187,24,48,9,1,5,24,3,1,19,38,1,2,1,1,5,0.32
Hughes,Luke,hughelu01,27,2011,0.03,204,183,24,48,9,1,6,23,3,2,17,38,1,2,1,1,4,0.32
Inglett,Joe,inglejo01,33,2011,0.66,290,259,31,69,12,4,4,25,5,1,24,51,1,3,3,1,4,0.32
Iribarren,Hernan,iribahe01,27,2011,0.08,201,180,23,46,10,1,5,22,3,1,17,38,1,2,1,1,4,0.32
Jackson,Conor,jacksco01,29,2011,0.74,332,292,39,76,16,2,6,34,7,1,34,43,2,3,1,2,7,0.32
Jimerson,Charlton,jimerch01,32,2011,0,200,179,24,46,9,1,5,22,3,1,17,36,1,2,1,1,5,0.32
Johnson,Dan,johnsda06,32,2011,0.4,270,232,30,54,10,1,10,35,3,1,32,51,1,2,1,3,4,0.32
Johnson,Elliot,johnsel02,27,2011,0.05,200,179,23,46,9,1,5,22,3,2,17,37,1,2,1,1,4,0.32
Johnson,Mark L.,johnsma02,36,2011,0.04,200,179,22,46,9,1,5,22,3,1,17,36,1,2,1,1,4,0.32
Jones,Brandon,jonesbr02,28,2011,0.27,202,180,24,48,10,1,4,23,3,1,17,39,2,2,2,1,4,0.32
Jones,Garrett,jonesga02,30,2011,0.8,563,504,60,131,29,1,20,70,9,3,50,109,5,2,1,6,13,0.32
Jones,Mitch,jonesmi03,34,2011,0.05,202,181,23,47,9,1,5,21,3,1,16,39,1,3,1,1,4,0.32
Jorgensen,Ryan,jorgery01,32,2011,0,200,179,23,46,9,1,5,22,3,1,17,36,1,2,1,1,4,0.32
Ka'aihue,Kila,kaaihki01,27,2011,0.48,303,268,35,66,11,1,10,35,3,2,31,54,2,1,1,2,6,0.32
Kazmar,Sean,kazmase01,27,2011,0.1,200,177,22,46,9,1,5,21,3,1,18,38,1,2,1,2,4,0.32
Kendrick,Howie,kendrho01,28,2011,0.83,569,529,67,150,33,3,10,68,13,4,28,92,2,5,3,4,13,0.32
Koshansky,Joe,koshajo01,29,2011,0.09,200,180,23,46,10,1,6,24,3,1,16,41,1,2,1,1,5,0.32
Lee,Carlos,leeca01,35,2011,0.86,591,545,61,146,28,1,22,86,5,3,38,62,4,3,0,5,16,0.32
Lewis,Fred,lewisfr02,31,2011,0.82,474,424,66,111,26,5,8,37,15,6,42,108,2,5,1,2,7,0.32
Lobaton,Jose,lobatjo01,27,2011,0.05,202,181,23,47,9,1,5,22,3,1,17,37,1,2,1,1,4,0.32
Loney,James,loneyja01,27,2011,0.87,589,530,63,146,30,3,11,78,8,4,51,80,7,3,1,4,15,0.32
Lopez,Felipe,lopezfe01,31,2011,0.84,488,437,58,118,24,2,8,42,7,4,45,82,2,2,2,2,7,0.32
Lowell,Mike,lowelmi01,37,2011,0.79,370,335,39,87,20,1,11,48,2,1,29,55,2,2,0,4,13,0.32
Macri,Matt,macrima01,29,2011,0.08,200,179,23,48,9,1,5,22,4,2,17,38,1,2,1,1,4,0.32
Maldonado,Carlos,maldoca03,32,2011,0.05,206,184,24,48,9,1,6,24,3,1,18,37,1,2,1,1,4,0.32
Maybin,Cameron,maybica01,24,2011,0.68,381,340,54,89,15,3,9,35,9,3,32,91,2,4,3,2,5,0.32
Maysonet,Edwin,maysoed01,30,2011,0.22,208,185,24,49,9,1,5,22,3,1,17,41,1,1,3,2,4,0.32
McDonald,Darnell,mcdonda02,33,2011,0.65,393,351,43,92,19,3,9,38,8,1,31,88,1,3,7,1,8,0.32
McKenry,Michael,mckenmi01,26,2011,0.04,204,182,23,47,9,1,5,22,3,1,18,39,1,2,1,1,4,0.32
McLouth,Nate,mclouna01,30,2011,0.83,403,349,54,86,20,2,12,45,12,3,41,69,3,6,4,3,5,0.32
McPherson,Dallas,mcpheda01,31,2011,0.04,200,177,24,46,10,1,5,21,3,1,19,37,2,2,1,1,4,0.32
Metcalf,Travis,metcatr01,29,2011,0.13,200,179,25,46,9,1,7,25,3,1,16,37,1,2,1,2,4,0.32
Miller,Jai,milleja04,26,2011,0.2,230,207,26,54,11,1,6,24,4,1,19,50,1,2,1,1,4,0.32
Milledge,Lastings,millela02,26,2011,0.8,432,391,43,107,20,2,8,40,11,5,29,71,2,6,3,3,9,0.32
Miranda,Juan,miranju01,28,2011,0.27,236,210,28,54,10,2,7,29,3,1,21,44,1,2,1,2,4,0.32
Montz,Luke,montzlu01,28,2011,0.06,200,177,23,45,9,1,5,22,3,1,19,38,1,2,1,1,4,0.32
Morales,Jose,moraljo02,28,2011,0.39,235,207,26,56,11,1,4,24,2,1,23,45,1,1,1,3,6,0.32
Morel,Brent,morelbr01,24,2011,0.23,235,211,29,55,11,1,7,26,5,1,19,44,1,2,1,2,5,0.32
Munson,Eric,munsoer01,34,2011,0,200,179,23,46,9,1,5,22,3,1,17,36,1,2,1,1,4,0.32
Murphy,Daniel,murphda08,26,2011,0.69,256,232,30,63,15,2,5,28,2,1,20,38,2,1,1,2,6,0.32
Murphy,Donnie,murphdo01,28,2011,0.33,224,201,27,51,12,1,7,31,3,1,19,54,1,2,1,1,3,0.32
Nady,Xavier,nadyxa01,33,2011,0.75,376,343,41,92,19,1,10,45,2,1,23,78,1,6,1,3,10,0.32
Nava,Daniel,navada01,28,2011,0.44,294,257,35,66,17,1,5,36,3,2,28,61,2,7,1,1,7,0.32
Nelson,Chris,nelsoch01,26,2011,0.1,214,191,29,51,10,1,5,22,4,1,18,37,1,2,2,1,5,0.32
Nickeas,Mike,nickemi01,28,2011,0.04,205,184,23,48,9,1,5,22,3,1,17,39,1,2,1,1,5,0.32
Nix,Laynce,nixla01,31,2011,0.66,325,295,36,75,20,2,10,37,2,2,25,70,4,2,1,2,6,0.32
Nunez,Abraham,nunezab01,35,2011,0,200,179,23,46,9,1,5,22,3,1,17,36,1,2,1,1,4,0.32
Oeltjen,Trent,oeltjtr01,28,2011,0.27,222,198,28,51,10,2,6,21,4,2,17,42,1,2,3,2,4,0.32
Petit,Gregorio,petitgr01,27,2011,0.14,203,183,23,49,10,1,5,20,3,1,16,39,1,2,1,1,5,0.32
Pettit,Chris,pettich01,27,2011,0.02,201,180,25,48,9,1,5,22,3,1,17,36,1,2,1,1,5,0.32
Phelps,Josh,phelpjo01,33,2011,0.08,200,179,23,46,9,1,5,21,3,1,17,39,1,2,1,1,4,0.32
Phillips,Brandon,phillbr01,30,2011,0.87,608,554,78,148,27,5,17,69,18,9,41,83,3,6,3,4,15,0.32
Phillips,Kyle,phillky01,27,2011,0.06,202,181,23,48,11,1,5,23,3,1,17,36,1,2,1,1,4,0.32
Pie,Felix,piefe01,26,2011,0.71,382,346,48,94,16,4,9,40,5,3,27,73,1,2,3,4,10,0.32
Presley,Alex,preslal01,26,2011,0.09,212,189,25,50,10,1,5,22,4,2,18,40,1,2,2,1,4,0.32
Pridie,Jason,pridija01,28,2011,0.01,200,177,25,46,9,1,5,22,3,1,18,36,1,2,2,1,4,0.32
Ramirez,Max,ramirma03,27,2011,0.33,242,210,28,53,10,1,6,27,3,1,25,50,1,4,1,2,5,0.32
Raynor,John,raynojo01,27,2011,0.04,206,184,24,48,9,1,5,22,3,1,18,37,1,2,1,1,4,0.32
Reimold,Nolan,reimono01,28,2011,0.66,307,271,33,70,13,1,9,33,5,1,30,58,1,2,1,3,7,0.32
Revere,Ben,reverbe01,23,2011,0.11,215,192,24,50,9,1,5,24,3,2,19,37,1,2,1,1,5,0.32
Richardson,Kevin,richake02,31,2011,0.02,201,180,24,48,9,1,5,22,3,1,17,37,1,2,1,1,4,0.32
Rios,Alexis,riosal01,30,2011,0.86,572,525,70,141,29,3,15,69,25,8,36,95,2,5,1,5,17,0.32
Robinson,Shane,robinsh01,27,2011,0.08,203,182,23,48,9,1,5,22,4,1,16,34,1,2,1,2,4,0.32
Romero,Niuman,romerni01,26,2011,0.06,204,182,25,47,9,1,5,22,3,1,18,37,1,2,1,1,4,0.32
Ross,Cody,rossco01,31,2011,0.85,545,501,64,131,29,3,17,69,7,2,35,116,3,6,0,3,11,0.32
Rottino,Vinny,rottivi01,31,2011,0,200,179,23,46,9,1,5,22,3,1,17,36,1,2,1,1,4,0.32
Ruiz,Carlos,ruizca01,32,2011,0.8,454,392,46,102,25,1,9,49,3,2,52,59,9,5,3,2,10,0.32
Ruiz,Randy,ruizra01,34,2011,0.44,233,211,31,54,11,1,8,24,3,1,17,54,1,3,1,1,6,0.32
Ryan,Dusty,ryandu01,27,2011,0.18,203,180,23,47,9,1,5,24,3,2,19,42,1,1,1,2,4,0.32
Saccomanno,Mark,saccoma01,31,2011,0.02,200,179,23,46,10,1,5,23,3,1,17,37,1,2,1,1,4,0.32
Salazar,Oscar,salazos01,33,2011,0.58,289,258,34,67,12,1,8,37,2,2,27,47,2,1,1,2,8,0.32
Salome,Angel,saloman01,25,2011,0.01,200,178,24,47,9,1,5,23,3,1,18,35,1,2,1,1,4,0.32
Sandoval,Freddy,sandofr01,29,2011,0.05,201,180,23,46,10,1,5,21,3,1,17,36,1,2,1,1,4,0.32
Schmidt,Konrad,schmiko01,27,2011,0.04,204,182,23,47,9,1,5,22,3,1,18,35,1,2,1,1,4,0.32
Shealy,Ryan,shealry01,32,2011,0.18,204,184,24,47,8,1,7,26,3,1,16,40,1,2,1,1,4,0.32
Shoppach,Kelly,shoppke01,31,2011,0.74,326,282,38,65,16,0,11,37,1,1,30,99,1,10,2,2,6,0.32
Soriano,Alfonso,soriaal01,35,2011,0.84,526,477,64,120,29,2,21,65,10,2,42,117,5,3,1,3,10,0.32
Stansberry,Craig,stanscr01,29,2011,0.05,200,179,24,47,9,1,5,22,3,1,17,36,1,2,1,1,4,0.32
Stewart,Chris,stewach01,29,2011,0.01,200,179,23,46,9,1,5,22,3,1,17,36,1,2,1,1,4,0.32
St. Pierre,Max,stpiema01,31,2011,0.04,204,183,24,47,10,1,5,22,3,1,17,37,1,2,1,1,4,0.32
Sutton,Drew,suttodr01,28,2011,0.3,229,204,27,52,10,1,6,28,3,2,20,48,1,2,2,1,4,0.32
Suzuki,Ichiro,suzukic01,38,2011,0.88,634,589,72,180,24,4,8,41,30,7,38,76,11,3,2,2,4,0.32
Sweeney,Ryan,sweenry01,26,2011,0.81,419,378,51,109,22,2,5,44,5,2,33,59,2,2,2,4,11,0.32
Tatis,Fernando,tatisfe01,36,2011,0.7,274,246,29,64,14,2,7,32,3,1,20,51,2,4,2,2,7,0.32
Thames,Marcus,thamema01,34,2011,0.74,348,314,39,79,13,1,16,45,1,2,28,86,1,2,0,4,6,0.32
Thigpen,Curtis,thigpcu01,28,2011,0.05,200,178,23,46,9,1,5,22,3,1,17,38,1,2,2,1,4,0.32
Tiffee,Terry,tiffete01,32,2011,0.01,200,179,23,46,9,1,5,22,3,1,17,36,1,2,1,1,4,0.32
Timpner,Clay,timpncl01,28,2011,0,200,179,23,47,9,1,5,22,3,1,17,37,1,2,1,1,4,0.32
Tolleson,Steven,tollest01,28,2011,0.18,226,203,26,54,11,1,6,24,3,1,19,40,1,2,1,1,4,0.32
Torres,Eider,torreei01,28,2011,0.02,200,179,24,47,9,1,5,22,3,1,17,36,1,2,1,1,4,0.32
Tupman,Matt,tupmama01,32,2011,0,200,179,23,47,9,1,5,22,3,1,17,36,1,2,1,1,4,0.32
Tyner,Jason,tynerja01,34,2011,0.01,200,179,23,46,9,1,5,22,3,1,17,36,1,2,1,1,4,0.32
Upton,B.J.,uptonbj01,27,2011,0.86,568,498,75,124,32,3,12,56,36,10,62,135,2,2,2,4,10,0.32
Valaika,Chris,valaich01,26,2011,0.14,220,198,25,53,10,1,6,23,3,1,17,40,1,2,2,1,5,0.32
Van Every,Jonathan,vanevjo01,32,2011,0.15,212,189,26,49,9,1,6,25,3,1,19,46,1,2,1,1,4,0.32
Washington,Rico,washiri01,33,2011,0.05,200,178,23,45,10,1,5,22,3,1,18,38,1,2,1,1,4,0.32
Wells,Vernon,wellsve01,33,2011,0.86,591,542,71,144,33,2,20,71,9,4,42,79,4,3,0,4,16,0.32
Young,Chris,youngch04,28,2011,0.86,582,513,72,125,31,3,19,67,17,5,60,135,1,3,3,3,8,0.32
Young,Dmitri,youngdm01,38,2011,0.31,200,176,21,45,8,1,5,18,2,1,21,36,2,1,1,1,6,0.32
Zawadzki,Lance,zawadla01,26,2011,0.15,221,194,26,50,11,1,5,22,4,1,21,39,3,2,3,1,5,0.32
Abercrombie,Reggie,abercre01,31,2011,0.13,200,180,24,47,10,1,5,21,5,2,15,42,1,2,1,2,4,0.31
Adams,Russ,adamsru01,31,2011,0.07,202,181,23,46,9,1,5,21,3,1,17,35,1,2,1,1,4,0.31
Aldridge,Cory,aldrico01,32,2011,0.05,206,185,23,46,9,2,5,22,3,1,17,40,1,2,1,1,4,0.31
Allen,Brandon,allenbr01,25,2011,0.38,240,211,27,53,12,1,6,28,2,1,25,58,3,1,1,2,5,0.31
Ambres,Chip,ambrech01,32,2011,0.11,200,178,22,45,9,1,5,20,3,1,18,40,1,2,1,1,4,0.31
Andrus,Elvis,andruel01,23,2011,0.82,591,520,78,142,18,5,5,42,28,9,52,86,1,5,12,2,6,0.31
Ankiel,Rick,ankieri01,32,2011,0.78,360,325,44,78,17,2,11,40,4,2,30,87,3,3,0,2,6,0.31
Ardoin,Danny,ardoida01,37,2011,0.12,200,180,21,45,8,1,5,21,3,1,16,37,1,2,1,1,5,0.31
Aybar,Erick,aybarer01,27,2011,0.84,550,499,67,138,21,6,6,46,16,6,32,72,1,6,10,3,7,0.31
Aybar,Willy,aybarwi01,28,2011,0.77,388,344,37,85,16,1,10,45,2,1,36,66,2,3,2,3,6,0.31
Baldelli,Rocco,baldero01,30,2011,0.47,229,207,28,52,9,1,7,29,3,1,17,48,1,3,1,1,6,0.31
Bankston,Wes,bankswe01,28,2011,0.14,200,179,22,46,9,1,5,21,3,1,16,38,1,2,1,2,3,0.31
Barfield,Josh,barfijo02,29,2011,0.13,202,184,25,48,9,1,5,22,3,2,15,40,1,1,1,1,4,0.31
Barker,Kevin,barkeke01,36,2011,0.11,204,182,22,47,10,1,5,22,3,1,17,39,2,2,1,2,5,0.31
Barney,Darwin,barneda01,26,2011,0.26,242,218,30,57,12,1,5,22,3,1,20,40,1,2,1,1,4,0.31
Baxter,Mike,baxtemi01,27,2011,0.04,204,182,23,47,9,1,5,23,3,1,17,37,1,2,1,2,5,0.31
Belliard,Ron,belliro01,36,2011,0.72,321,287,38,73,16,1,8,37,4,2,28,62,1,2,2,2,8,0.31
Bennett,Gary,bennega01,39,2011,0.05,200,179,22,45,9,1,5,22,3,1,17,35,1,2,1,1,4,0.31
Bernadina,Roger,bernaro01,27,2011,0.68,431,386,50,97,18,3,10,43,13,3,36,85,2,3,2,4,5,0.31
Blalock,Hank,blaloha01,31,2011,0.73,284,261,34,65,13,2,11,34,2,1,19,57,2,2,0,2,5,0.31
Blanco,Gregor,blancgr01,28,2011,0.72,339,294,37,76,11,3,3,25,10,3,38,64,1,2,3,2,5,0.31
Boggs,Brandon,boggsbr01,28,2011,0.48,206,179,20,42,10,2,5,23,3,1,22,50,1,2,1,2,3,0.31
Bogusevic,Brian,bogusbr01,27,2011,0.11,216,193,27,49,11,1,5,24,4,2,19,43,1,2,1,1,5,0.31
Borbon,Julio,borboju01,25,2011,0.72,452,413,61,117,14,3,7,46,19,6,28,65,1,3,7,1,6,0.31
Brignac,Reid,brignre01,25,2011,0.63,372,340,44,90,18,2,9,45,5,3,26,78,3,3,1,2,7,0.31
Brown,Domonic,browndo01,24,2011,0.23,235,208,28,54,11,1,6,31,5,2,20,49,2,2,1,4,4,0.31
Brown,Jordan,brownjo05,28,2011,0.28,246,223,28,57,14,1,5,21,3,1,19,39,1,2,1,1,6,0.31
Brown,Matthew,brownma05,29,2011,0.05,200,179,22,45,9,1,5,23,3,1,17,39,1,2,1,1,4,0.31
Burriss,Emmanuel,burriem01,26,2011,0.59,224,200,26,53,8,1,3,18,8,3,18,33,1,3,2,1,4,0.31
Buscher,Brian,buschbr01,30,2011,0.54,216,189,23,49,8,1,4,26,2,1,21,41,1,2,1,3,5,0.31
Cabrera,Jolbert,cabrejo02,39,2011,0.24,200,180,23,45,9,1,5,21,3,1,16,40,1,2,1,1,4,0.31
Canizares,Barbaro,canizba01,32,2011,0.07,202,182,23,46,9,1,5,21,3,1,16,38,1,2,1,1,4,0.31
Carroll,Jamey,carroja01,37,2011,0.8,443,386,55,103,15,2,3,33,9,4,44,77,2,4,6,3,8,0.31
Carter,Chris,cartech01,29,2011,0.45,291,263,31,69,13,1,7,35,3,2,23,44,1,2,1,2,5,0.31
Carter,Chris,cartech02,25,2011,0.25,239,213,28,53,9,1,7,26,4,1,21,47,1,2,1,2,6,0.31
Casanova,Raul,casanra01,39,2011,0.13,200,180,22,45,9,1,5,21,3,1,17,37,1,1,1,1,4,0.31
Casey,Sean,caseyse01,37,2011,0.35,200,180,19,49,10,1,3,19,2,1,16,33,2,2,1,1,5,0.31
Castro,Ramon,castrra01,35,2011,0.6,281,254,30,62,11,1,11,37,2,1,23,59,2,1,2,1,6,0.31
Cervenak,Mike,cervemi01,35,2011,0.03,200,179,22,45,9,1,5,22,3,1,17,38,1,2,1,1,4,0.31
Clark,Brady,clarkbr02,38,2011,0.03,200,178,22,45,9,1,5,22,4,1,17,37,1,2,2,1,5,0.31
Crabbe,Callix,crabbca01,28,2011,0.09,200,178,23,45,9,1,5,21,4,1,18,35,1,2,1,1,4,0.31
Craig,Allen,craigal01,27,2011,0.34,262,236,29,61,13,1,7,33,3,2,22,49,2,1,1,2,4,0.31
Crede,Joe,credejo01,33,2011,0.68,237,214,26,51,11,1,8,29,1,1,19,37,1,2,0,2,5,0.31
Cunningham,Aaron,cunniaa01,25,2011,0.5,279,250,32,66,17,2,5,32,4,3,20,56,2,4,2,3,6,0.31
Curtis,Colin,curtico01,26,2011,0.21,232,209,27,52,11,1,6,27,3,1,19,44,1,2,1,1,4,0.31
Davis,Brad,davisbr03,29,2011,0.34,262,233,26,57,13,2,7,31,4,1,22,58,3,2,2,3,4,0.31
Davis,Rajai,davisra01,31,2011,0.81,524,483,66,134,26,4,6,51,43,11,30,84,1,5,2,4,10,0.31
DeWitt,Blake,dewitbl01,26,2011,0.77,453,402,47,105,20,3,8,50,4,2,43,77,7,3,1,4,6,0.31
Diaz,Robinzon,diazro01,28,2011,0.33,214,194,21,52,10,1,4,25,3,1,14,31,1,3,1,2,5,0.31
Difelice,Mike,difelmi01,42,2011,0.05,200,180,22,45,9,1,5,22,3,1,16,36,1,2,1,1,4,0.31
Dillon,Joe,dillojo02,36,2011,0.25,204,180,24,45,8,1,5,20,3,1,19,39,1,3,1,1,4,0.31
Donald,Jason,donalja01,27,2011,0.58,362,327,44,85,20,3,7,33,6,2,28,72,2,3,3,1,5,0.31
Donaldson,Josh,donaljo02,26,2011,0.12,217,195,23,49,10,1,6,25,3,1,18,43,1,2,1,1,4,0.31
Duffy,Chris,duffych01,31,2011,0.11,204,181,23,44,9,1,5,22,3,1,18,40,1,2,2,1,4,0.31
Duncan,Shelley,duncash01,32,2011,0.56,331,295,37,70,14,1,11,40,3,1,30,80,2,3,1,2,6,0.31
Duran,German,durange01,27,2011,0.28,200,179,25,46,9,1,5,22,3,1,15,37,1,2,3,1,4,0.31
Ellis,A.J.,ellisaj01,30,2011,0.36,265,233,24,61,11,1,4,30,3,1,24,44,2,2,4,2,7,0.31
Ellsbury,Jacoby,ellsbja01,28,2011,0.81,311,282,42,78,12,3,4,26,25,5,22,41,1,3,2,2,5,0.31
Esposito,Brian,esposbr01,32,2011,0.01,202,181,23,46,9,1,5,22,3,1,17,37,1,2,1,1,4,0.31
Evans,Nick,evansni01,25,2011,0.41,225,204,27,54,14,1,5,24,2,1,17,46,2,1,1,2,5,0.31
Everidge,Tommy,everito01,28,2011,0.24,210,187,25,47,11,1,5,21,3,1,18,38,2,2,1,2,6,0.31
Fahey,Brandon,faheybr01,30,2011,0.22,200,180,21,45,11,2,4,22,3,1,15,38,1,2,2,1,4,0.31
Fasano,Sal,fasansa01,40,2011,0.12,200,178,22,45,10,1,4,21,3,1,16,41,1,3,1,2,4,0.31
Figgins,Chone,figgich01,33,2011,0.87,624,538,74,144,21,3,4,39,34,13,70,104,1,3,9,4,12,0.31
Fiorentino,Jeff,fioreje01,28,2011,0.2,208,185,24,49,8,1,4,23,4,1,19,39,1,1,1,2,4,0.31
Floyd,Cliff,floydcl01,39,2011,0.43,202,179,21,44,9,1,6,23,2,1,18,42,1,2,1,2,4,0.31
Fontenot,Mike,fontemi01,31,2011,0.76,372,335,39,87,20,2,7,40,3,2,30,69,2,3,1,3,5,0.31
Garciaparra,Nomar,garcino01,38,2011,0.5,217,197,24,51,10,1,6,24,3,1,16,34,2,1,1,2,7,0.31
Gerut,Jody,gerutjo01,34,2011,0.69,267,245,32,61,12,2,8,30,4,2,19,46,1,1,0,2,5,0.31
Giles,Brian,gilesbr02,40,2011,0.71,225,199,23,50,11,1,4,21,2,1,24,28,1,1,0,1,6,0.31
Gillespie,Cole,gilleco01,27,2011,0.32,256,231,29,59,14,1,6,28,4,2,20,52,2,2,1,2,5,0.31
Gonzalez,Andy,gonzaan01,30,2011,0.1,201,179,23,45,8,1,5,21,3,2,18,37,1,2,1,1,4,0.31
Gorecki,Reid,gorecre01,31,2011,0.08,203,181,25,46,9,1,5,22,4,1,17,41,1,2,1,2,4,0.31
Gotay,Ruben,gotayru01,29,2011,0.23,200,178,22,45,9,1,5,20,3,1,18,41,1,1,2,1,5,0.31
Gutierrez,Franklin,gutiefr01,28,2011,0.85,577,520,66,135,25,2,13,60,17,4,43,118,3,4,6,4,11,0.31
Guzman,Freddy,guzmafr01,30,2011,0.02,201,179,24,46,9,1,5,22,6,2,17,36,1,2,1,2,4,0.31
Hairston,Scott,hairssc01,31,2011,0.79,414,374,44,90,19,2,14,46,7,2,31,84,1,4,1,4,6,0.31
Halman,Greg,halmagr01,24,2011,0.11,215,193,24,49,10,1,5,24,4,1,18,42,1,2,1,1,4,0.31
Hardy,J.J.,hardyjj01,29,2011,0.82,434,391,50,101,19,3,11,46,2,1,36,73,1,1,3,3,11,0.31
Harris,Willie,harriwi01,33,2011,0.78,370,319,42,72,13,3,10,35,9,3,43,69,1,4,2,2,6,0.31
Haynes,Nathan,haynena01,32,2011,0.11,200,179,22,46,8,1,5,21,5,2,17,38,1,2,1,1,4,0.31
Hermida,Jeremy,hermije01,27,2011,0.8,369,331,39,82,14,1,10,39,4,1,33,82,2,3,1,1,7,0.31
Hernandez,Ramon,hernara02,35,2011,0.79,409,365,36,96,18,1,9,48,2,1,33,57,2,4,3,4,8,0.31
Herrera,Jonathan,herrejo03,27,2011,0.55,328,289,40,79,11,2,4,31,4,3,30,52,2,1,5,3,4,0.31
Hessman,Mike,hessmmi01,33,2011,0.26,232,205,27,48,10,2,7,26,3,1,21,52,2,4,1,1,5,0.31
Hester,John,hestejo01,28,2011,0.35,256,230,28,57,14,1,6,26,3,1,23,56,2,1,1,1,5,0.31
Hill,Aaron,hillaa01,29,2011,0.84,563,514,69,127,26,0,22,69,5,2,38,83,2,6,2,3,10,0.31
Hoffpauir,Micah,hoffpmi01,31,2011,0.56,254,229,29,57,13,1,7,29,2,1,20,52,1,2,1,2,5,0.31
Hopper,Norris,hoppeno01,32,2011,0.13,200,178,22,45,8,1,4,20,3,1,17,34,1,2,2,1,4,0.31
Hughes,Rhyne,hugherh01,28,2011,0.18,226,203,24,52,10,1,5,24,3,1,19,48,1,2,1,1,4,0.31
Hulett,Tug,hulettu01,28,2011,0.17,202,181,23,45,8,1,5,20,3,1,17,41,1,2,1,1,5,0.31
Ishikawa,Travis,ishiktr01,28,2011,0.69,323,292,38,76,14,1,7,37,3,1,26,68,3,2,1,2,6,0.31
Izturis,Maicer,izturma01,31,2011,0.76,363,324,49,87,17,2,6,44,10,4,30,43,1,3,2,4,6,0.31
Jacobs,Mike,jacobmi02,31,2011,0.75,262,238,28,56,11,1,11,35,1,0,21,64,2,1,1,1,4,0.31
Johnson,Reed,johnsre02,35,2011,0.71,326,295,39,78,16,2,6,34,4,3,18,64,1,7,3,3,5,0.31
Jones,Andruw,jonesan01,34,2011,0.75,397,343,46,75,17,1,16,46,7,2,47,92,2,3,1,3,12,0.31
Kapler,Gabe,kaplega01,36,2011,0.67,294,263,35,65,15,1,8,35,4,2,25,52,1,2,2,2,7,0.31
Kearns,Austin,kearnau01,31,2011,0.78,452,395,50,95,18,2,9,44,4,2,46,101,2,8,1,2,15,0.31
Keppinger,Jeff,keppije01,31,2011,0.83,522,469,53,126,26,2,7,49,4,2,41,46,3,2,6,4,14,0.31
LaHair,Bryan,lahaibr01,29,2011,0.27,200,180,22,46,8,1,5,20,2,1,17,42,1,1,1,1,4,0.31
Langerhans,Ryan,langery01,31,2011,0.57,278,236,31,55,10,2,7,23,5,2,35,69,2,2,3,2,3,0.31
LaPorta,Matt,laporma01,26,2011,0.71,432,385,49,94,19,1,12,45,3,1,40,80,1,3,1,3,11,0.31
Larish,Jeff,larisje01,29,2011,0.47,246,218,27,52,11,1,7,27,3,2,24,59,1,2,1,1,6,0.31
Lindsey,John,lindsjo01,34,2011,0.05,206,185,23,46,9,1,5,21,3,1,17,38,1,2,1,1,5,0.31
Lucroy,Jonathan,lucrojo01,25,2011,0.55,348,317,35,84,13,1,7,35,5,2,26,55,2,2,1,2,9,0.31
Macias,Drew,maciadr01,28,2011,0.27,209,183,23,45,10,1,5,23,3,1,21,38,2,2,1,2,4,0.31
Maier,Mitch,maiermi01,29,2011,0.77,450,397,46,102,17,4,6,41,6,3,42,80,2,3,5,3,6,0.31
Mangini,Matt,mangima01,26,2011,0.15,220,197,24,51,9,1,5,22,3,1,18,43,1,2,2,1,5,0.31
Martin,Russell,martiru01,28,2011,0.84,452,391,52,100,16,0,7,41,9,4,53,67,6,5,1,2,11,0.31
Mather,Joe,mathejo02,29,2011,0.39,232,209,28,52,11,1,6,24,3,2,18,44,1,2,2,1,5,0.31
Maxwell,Justin,maxweju01,28,2011,0.47,276,237,33,54,12,1,7,28,8,2,34,68,2,2,1,2,5,0.31
Maza,Luis,mazalu01,31,2011,0.18,200,179,22,45,8,1,5,20,3,1,16,34,1,2,2,1,5,0.31
McClain,Scott,mcclasc01,39,2011,0.09,200,178,24,45,9,1,5,23,3,2,18,38,1,2,1,1,4,0.31
Mientkiewicz,Doug,mientdo01,37,2011,0.47,202,177,21,46,10,1,3,20,2,1,20,30,1,2,1,2,4,0.31
Mitchell,Russ,mitchru01,26,2011,0.15,222,200,25,49,9,1,7,25,3,1,17,39,1,2,1,2,5,0.31
Molina,Gustavo,molingu01,29,2011,0.05,204,183,24,47,9,1,5,22,3,1,17,37,1,2,1,1,4,0.31
Molina,Yadier,molinya01,29,2011,0.84,515,461,41,128,20,1,7,56,7,3,42,50,4,5,3,4,20,0.31
Mora,Melvin,morame01,39,2011,0.82,427,386,45,101,17,2,10,52,3,3,31,63,2,6,2,2,11,0.31
Morton,Colt,mortoco01,29,2011,0.04,200,177,23,45,9,1,5,22,3,1,18,37,1,2,1,2,4,0.31
Myrow,Brian,myrowbr01,35,2011,0.06,200,178,22,45,9,1,5,22,3,1,17,37,1,2,1,2,4,0.31
Navarro,Oswaldo,navaros01,27,2011,0.09,212,187,24,46,9,1,5,22,3,1,21,37,1,2,1,1,4,0.31
Nelson,Brad,nelsobr02,29,2011,0.09,202,180,22,44,9,1,5,21,3,1,18,39,1,2,1,1,4,0.31
Nixon,Trot,nixontr01,37,2011,0.09,200,178,22,44,9,1,5,20,3,1,18,38,2,2,1,1,4,0.31
Norton,Greg,nortogr01,39,2011,0.47,210,182,21,42,9,1,5,24,2,1,25,42,2,1,1,1,5,0.31
Olivo,Miguel,olivomi01,33,2011,0.8,455,423,52,107,20,4,17,60,7,3,25,122,3,3,2,2,9,0.31
Ortmeier,Daniel,ortmeda01,30,2011,0.15,200,178,21,45,10,1,4,21,4,2,18,39,2,2,1,1,4,0.31
Owens,Jerry,owensje01,30,2011,0.08,202,180,22,45,9,1,5,21,5,2,18,37,1,2,1,1,4,0.31
Padilla,Jorge,padiljo01,32,2011,0.08,203,182,23,45,9,1,5,21,3,1,17,39,1,2,1,1,4,0.31
Parra,Gerardo,parrage01,24,2011,0.77,446,410,47,114,21,6,6,46,4,3,28,81,6,2,3,3,11,0.31
Pearce,Steven,pearcst01,28,2011,0.52,238,210,24,51,13,1,5,25,3,1,23,47,1,2,1,2,3,0.31
Pena,Brayan,penabr01,29,2011,0.58,305,274,29,72,16,1,6,32,3,1,23,46,2,2,3,3,9,0.31
Pennington,Cliff,pennicl01,27,2011,0.78,511,453,58,117,24,5,7,45,20,5,45,89,1,3,7,3,8,0.31
Peralta,Jhonny,peraljh01,29,2011,0.86,572,516,62,132,30,2,14,72,2,1,46,109,2,3,1,6,15,0.31
Perez,Fernando,perezfe01,28,2011,0.23,204,181,27,46,8,1,5,22,5,2,17,41,1,2,3,1,4,0.31
Perez,Tomas,perezto03,38,2011,0.02,200,180,22,45,9,1,5,21,3,1,16,37,1,2,1,1,4,0.31
Perry,Jason,perryja01,31,2011,0.04,200,179,22,45,9,1,5,22,3,1,17,37,1,2,1,1,4,0.31
Petersen,Bryan,peterbr01,25,2011,0.09,212,190,24,47,9,1,5,24,3,1,18,38,1,2,1,1,4,0.31
Phillips,Paul,phillpa01,34,2011,0.22,218,194,25,50,9,1,5,24,3,1,20,38,2,1,1,2,3,0.31
Plouffe,Trevor,plouftr01,25,2011,0.15,222,198,28,50,10,1,7,26,3,1,17,44,1,2,3,2,4,0.31
Podsednik,Scott,podsesc01,35,2011,0.83,556,504,62,142,19,5,7,48,27,12,39,82,1,2,7,4,9,0.31
Polanco,Placido,polanpl01,36,2011,0.86,568,522,69,147,26,3,8,53,6,1,32,51,2,6,3,5,13,0.31
Ramirez,Alexei,ramiral03,30,2011,0.86,574,529,70,145,22,2,16,67,13,7,33,76,3,2,5,5,13,0.31
Richard,Chris,richach01,37,2011,0.07,202,180,22,44,9,1,5,20,3,1,18,39,1,2,1,1,4,0.31
Richar,Danny,richada02,28,2011,0.11,201,181,23,47,9,1,5,21,3,1,16,37,1,2,1,1,4,0.31
Riggans,Shawn,riggash01,31,2011,0.3,201,180,24,44,9,1,6,24,2,1,16,38,1,2,1,2,5,0.31
Rivera,Juan,riverju01,33,2011,0.82,485,444,56,115,21,1,17,63,2,2,33,63,2,3,0,5,13,0.31
Roberts,Ryan,roberry01,31,2011,0.59,271,240,31,62,13,1,6,25,4,2,25,49,2,2,2,2,3,0.31
Rodriguez,Guillermo,rodrigu01,33,2011,0.02,201,179,23,45,9,1,5,22,3,1,18,36,1,2,1,1,5,0.31
Rodriguez,Sean,rodrise01,26,2011,0.68,392,352,50,88,18,2,10,40,10,3,28,92,1,6,4,2,9,0.31
Romine,Andrew,rominan01,26,2011,0.05,206,184,23,47,9,1,5,22,3,1,17,38,1,2,2,1,4,0.31
Ruggiano,Justin,ruggiju01,29,2011,0.17,200,180,23,45,9,1,5,21,4,1,16,42,1,2,1,1,4,0.31
Russo,Kevin,russoke01,27,2011,0.18,227,203,26,51,10,1,5,24,4,1,19,40,1,2,2,1,4,0.31
Ryal,Rusty,ryalru01,28,2011,0.54,318,288,34,76,14,2,7,28,2,3,21,78,2,6,1,2,5,0.31
Saltalamacchia,Jarrod,saltaja01,26,2011,0.63,246,219,27,54,12,0,6,27,2,2,24,64,1,1,1,1,3,0.31
Santiago,Ramon,santira01,32,2011,0.74,413,361,46,94,12,2,7,38,3,2,33,70,1,7,9,3,6,0.31
Scales,Bobby,scalebo01,34,2011,0.35,224,198,26,50,10,2,5,24,3,1,21,46,1,2,1,2,5,0.31
Schierholtz,Nate,schiena01,27,2011,0.7,357,325,43,85,20,3,6,32,5,4,25,60,4,3,1,3,6,0.31
Schumaker,Skip,schumsk01,31,2011,0.85,523,474,68,132,22,2,6,40,5,2,43,67,2,2,2,2,9,0.31
Scutaro,Marco,scutama01,36,2011,0.87,616,545,79,144,29,1,10,54,8,4,58,74,1,4,4,5,11,0.31
Sexson,Richie,sexsori01,37,2011,0.45,200,175,20,41,7,1,6,21,2,1,21,46,1,1,1,2,5,0.31
Sheffield,Gary,sheffga01,43,2011,0.69,231,204,26,48,9,1,7,26,3,1,24,41,2,2,0,1,7,0.31
Shelton,Chris,sheltch01,31,2011,0.28,203,179,22,44,9,1,4,22,3,1,20,45,1,1,2,1,4,0.31
Sizemore,Scott,sizemsc01,26,2011,0.4,282,249,34,63,13,1,7,29,3,1,26,57,1,1,4,2,6,0.31
Smoak,Justin,smoakju01,25,2011,0.62,398,350,44,84,16,1,12,48,3,1,43,82,4,1,1,3,8,0.31
Snyder,Brad,snydebr02,29,2011,0.1,214,193,23,49,10,1,5,25,3,1,17,44,1,2,1,1,4,0.31
Snyder,Chris,snydech02,30,2011,0.76,408,348,42,78,15,1,14,51,2,1,52,96,7,3,2,3,10,0.31
Stern,Adam,sternad01,31,2011,0.03,204,183,23,46,9,1,5,23,3,1,17,37,1,2,1,1,5,0.31
Sweeney,Mike,sweenmi01,38,2011,0.66,311,282,33,73,14,0,9,37,3,1,22,43,1,4,1,2,7,0.31
Teagarden,Taylor,teagata01,28,2011,0.55,264,234,32,55,13,1,9,31,2,1,21,75,1,3,4,2,5,0.31
Teahen,Mark,teahema01,30,2011,0.82,388,354,43,91,20,2,8,36,5,3,29,84,2,2,1,2,7,0.31
Tejada,Ruben,tejadru01,22,2011,0.52,328,283,39,70,16,1,5,29,4,2,30,52,3,7,5,3,4,0.31
Thomas,Clete,thomacl02,28,2011,0.58,231,206,28,52,11,2,5,25,3,1,22,50,1,1,1,1,3,0.31
Torrealba,Yorvit,torreyo01,33,2011,0.75,406,364,38,95,18,1,8,44,5,4,32,74,3,4,3,3,11,0.31
Tracy,Andy,tracyan01,38,2011,0.05,201,179,22,46,9,1,5,22,3,1,17,38,1,2,1,2,4,0.31
Trumbo,Mark,trumbma01,25,2011,0.06,208,186,25,47,9,1,5,24,3,1,18,41,1,2,1,1,4,0.31
Turner,Justin,turneju01,27,2011,0.13,211,188,24,46,9,1,5,23,3,1,19,37,1,2,1,1,4,0.31
Uribe,Juan,uribeju01,32,2011,0.83,531,484,58,124,26,3,18,68,3,2,37,95,4,3,3,4,13,0.31
Valentin,Javier,valenja01,36,2011,0.26,200,180,20,45,9,1,5,22,2,1,17,38,1,1,1,1,4,0.31
Vazquez,Ramon,vazqura01,35,2011,0.62,224,196,23,50,9,1,4,21,2,1,23,44,2,1,2,2,3,0.31
Velandia,Jorge,velanjo01,36,2011,0.04,200,179,23,45,9,1,5,21,3,1,17,37,1,2,1,1,4,0.31
Velazquez,Gil,velazgi01,32,2011,0.03,200,179,23,45,9,1,5,22,3,1,17,35,1,2,1,1,4,0.31
Venable,Will,venabwi01,29,2011,0.76,455,406,56,102,16,5,13,50,17,4,41,115,5,4,1,3,6,0.31
Wallace,Brett,wallabr01,25,2011,0.4,280,251,30,63,12,2,6,29,3,1,21,64,3,6,1,1,5,0.31
Ward,Daryle,wardda01,36,2011,0.23,200,178,21,43,10,1,5,23,2,1,19,38,2,1,1,1,5,0.31
Watson,Matt,watsoma02,33,2011,0.12,216,193,24,48,10,1,6,24,3,1,19,39,1,2,1,1,4,0.31
Whitesell,Josh,whitejo03,29,2011,0.32,213,185,21,45,10,1,5,23,2,1,24,41,3,2,1,1,4,0.31
Wieters,Matt,wietema01,25,2011,0.77,490,439,44,118,21,1,11,55,2,1,43,95,5,2,1,5,12,0.31
Wigginton,Ty,wiggity01,34,2011,0.84,568,516,57,132,25,1,18,63,3,3,40,96,2,6,1,5,18,0.31
Wilson,Bobby,wilsobo02,28,2011,0.32,254,228,29,57,13,1,7,30,3,1,21,49,1,1,3,1,6,0.31
Wood,Jason,woodja02,42,2011,0.01,200,179,22,44,9,1,5,21,3,1,17,38,1,2,1,1,4,0.31
Worth,Danny,worthda01,26,2011,0.32,258,232,28,61,12,1,6,26,4,3,20,40,1,2,3,1,3,0.31
Zaun,Gregg,zaungr01,40,2011,0.69,288,255,30,62,14,0,6,29,2,1,28,46,1,3,1,1,7,0.31
Alou,Moises,aloumo01,45,2011,0.12,200,180,21,46,9,1,4,22,3,2,15,35,1,2,1,2,4,0.3
Anderson,Brian N.,anderbr03,29,2011,0.56,223,200,27,49,11,0,6,23,4,3,18,48,1,2,2,1,4,0.3
Andino,Robert,andinro01,27,2011,0.54,254,231,31,58,11,1,5,23,4,2,19,53,1,1,1,2,6,0.3
Arias,Joaquin,ariasjo01,27,2011,0.47,268,245,36,64,13,2,4,27,4,1,17,45,1,2,3,1,5,0.3
Atkins,Garrett,atkinga01,32,2011,0.78,316,287,31,71,13,1,7,37,1,1,25,53,1,1,0,3,9,0.3
Balentien,Wladimir,balenwl01,27,2011,0.62,230,209,24,49,12,1,6,22,2,1,19,54,1,1,0,1,5,0.3
Barden,Brian,bardebr01,30,2011,0.35,227,203,25,50,8,1,6,23,2,2,17,46,1,3,2,2,4,0.3
Barmes,Clint,barmecl01,32,2011,0.83,476,433,51,108,24,2,13,54,8,5,30,86,4,5,4,4,7,0.3
Barrett,Michael,barremi01,35,2011,0.25,202,180,22,43,8,1,5,21,2,1,17,37,1,2,1,2,5,0.3
Blanco,Andres,blancan01,27,2011,0.55,306,274,33,73,16,1,4,28,2,3,22,44,3,3,5,2,5,0.3
Bocock,Brian,bococbr01,26,2011,0.2,202,178,22,43,8,1,4,19,4,2,19,43,1,1,3,1,4,0.3
Bourjos,Peter,bourjpe01,24,2011,0.45,296,269,33,65,12,4,9,29,10,3,19,55,1,3,3,2,5,0.3
Bourn,Michael,bournmi01,29,2011,0.86,570,510,74,133,21,6,4,36,44,10,50,113,2,3,5,2,5,0.3
Bowen,Rob,bowenro01,30,2011,0.2,200,180,21,44,9,1,4,21,3,1,15,45,1,2,2,1,4,0.3
Bowker,John,bowkejo01,28,2011,0.64,291,265,29,64,12,2,8,34,2,1,21,59,2,2,1,2,6,0.3
Brantley,Michael,brantmi02,24,2011,0.64,375,340,43,91,14,2,5,33,10,4,29,53,1,1,3,2,7,0.3
Buck,Travis,bucktr01,28,2011,0.5,236,212,25,50,10,1,7,25,3,1,19,47,1,3,1,1,3,0.3
Cabrera,Everth,cabreev01,25,2011,0.71,364,318,43,79,14,5,4,32,15,6,34,73,4,4,7,1,6,0.3
Cabrera,Melky,cabreme01,27,2011,0.83,508,458,54,120,24,2,9,50,9,2,40,67,7,3,4,3,11,0.3
Cairo,Miguel,cairomi01,37,2011,0.63,318,284,39,74,16,1,5,33,5,1,23,48,1,4,4,3,7,0.3
Cancel,Robinson,cancero01,35,2011,0.12,200,181,22,45,9,1,5,21,3,2,16,35,1,1,1,1,4,0.3
Carlin,Luke,carlilu01,31,2011,0.29,210,187,26,44,8,1,5,21,2,1,19,45,1,2,1,1,4,0.3
Carroll,Brett,carrobr01,29,2011,0.49,261,231,32,54,12,2,6,27,3,1,20,58,3,7,1,2,5,0.3
Casilla,Alexi,casilal01,27,2011,0.73,311,277,38,71,12,3,4,32,8,1,25,41,1,2,5,2,7,0.3
Castillo,Jose,castijo02,30,2011,0.53,200,184,21,46,11,1,4,19,2,1,14,37,1,1,0,1,6,0.3
Castillo,Luis,castilu01,36,2011,0.8,408,346,46,89,9,2,3,30,13,4,47,47,2,1,11,3,10,0.3
Casto,Kory,castoko01,30,2011,0.31,200,179,21,44,10,1,4,21,3,1,18,38,1,1,1,1,4,0.3
Castro,Jason,castrja01,24,2011,0.47,308,275,38,67,13,1,6,24,3,1,30,55,3,1,1,1,6,0.3
Catalanotto,Frank,catalfr01,37,2011,0.57,229,205,24,52,12,2,3,19,2,1,18,36,2,3,1,2,4,0.3
Church,Ryan,churcry01,33,2011,0.76,359,324,42,80,20,1,7,39,4,2,29,75,3,3,1,2,8,0.3
Clark,Tony,clarkto02,39,2011,0.42,208,181,20,42,8,1,5,24,2,1,23,51,1,1,1,2,6,0.3
Counsell,Craig,counscr01,41,2011,0.76,361,317,37,79,15,3,4,29,3,2,35,53,1,4,3,2,6,0.3
Downs,Matt,downsma01,27,2011,0.4,260,231,27,56,13,1,5,23,3,1,23,48,2,3,1,2,5,0.3
Duncan,Chris,duncach01,30,2011,0.62,230,201,22,48,10,1,5,24,2,1,26,48,2,1,0,2,5,0.3
Easley,Damion,easleda01,42,2011,0.46,200,180,20,45,7,1,4,22,2,1,14,31,1,3,1,2,6,0.3
Ellis,Mark,ellisma01,34,2011,0.82,487,437,51,113,23,1,9,51,10,4,38,67,3,5,3,4,10,0.3
Ensberg,Morgan,ensbemo01,36,2011,0.17,200,180,21,44,8,1,5,20,3,2,17,41,1,1,1,1,4,0.3
Fields,Josh,fieldjo02,29,2011,0.54,252,227,27,55,8,1,7,27,3,2,21,60,1,2,1,1,5,0.3
Fox,Jake,foxja02,29,2011,0.63,330,300,34,73,16,1,11,42,2,1,20,67,1,5,1,4,8,0.3
Francoeur,Jeff,francje02,27,2011,0.85,515,472,56,122,23,3,12,60,5,3,29,84,5,6,1,7,11,0.3
Freel,Ryan,freelry01,35,2011,0.41,210,188,23,47,9,1,3,18,4,2,17,39,1,2,2,1,4,0.3
Gentry,Craig,gentrcr01,28,2011,0.17,219,196,27,49,9,1,5,23,4,1,18,44,1,2,1,2,4,0.3
German,Esteban,germaes01,33,2011,0.46,213,190,27,48,11,1,3,21,6,2,18,38,1,1,2,2,4,0.3
Gload,Ross,gloadro01,35,2011,0.71,295,269,33,70,13,1,6,32,2,1,21,39,4,2,1,2,5,0.3
Gomez,Chris,gomezch02,40,2011,0.33,200,181,23,46,8,1,4,21,2,1,15,36,1,1,1,2,4,0.3
Gonzalez,Alex,gonzaal02,34,2011,0.8,563,517,61,126,32,2,16,66,3,2,30,100,3,6,6,4,12,0.3
Gonzalez,Edgar,gonzaed02,33,2011,0.59,217,198,23,49,10,1,5,22,2,2,16,45,1,2,0,1,6,0.3
Gonzalez,Luis,gonzalu01,44,2011,0.49,200,178,18,44,11,1,4,22,2,1,18,31,1,1,1,2,5,0.3
Graffanino,Tony,graffto01,39,2011,0.07,202,182,22,44,9,1,5,20,3,1,16,38,1,2,1,1,5,0.3
Greene,Tyler,greenty02,28,2011,0.47,273,243,30,59,11,1,6,25,5,1,22,56,3,5,1,2,4,0.3
Gross,Gabe,grossga01,32,2011,0.76,354,314,38,74,16,2,7,36,6,2,36,72,2,1,1,2,5,0.3
Grudzielanek,Mark,grudzma01,41,2011,0.58,260,238,26,63,11,1,3,22,3,1,17,37,1,3,1,1,6,0.3
Guillen,Jose,guilljo01,35,2011,0.83,519,476,51,119,22,1,15,67,2,1,29,97,2,10,0,4,17,0.3
Guzman,Cristian,guzmacr01,33,2011,0.83,454,425,55,118,19,4,6,39,5,3,21,65,2,3,3,2,8,0.3
Hairston,Jerry,hairsje02,35,2011,0.81,481,431,59,109,21,2,10,48,11,5,34,65,1,5,6,5,5,0.3
Hall,Bill,hallbi03,32,2011,0.8,428,387,45,89,20,1,14,47,6,3,35,118,1,2,1,3,7,0.3
Hall,Toby,hallto02,36,2011,0.25,200,181,20,46,8,1,4,19,2,1,15,35,1,2,1,1,3,0.3
Hammock,Robby,hammoro01,34,2011,0.11,200,179,22,44,9,1,5,20,3,1,17,37,2,2,1,1,4,0.3
Hernandez,Luis,hernalu01,27,2011,0.41,232,208,23,52,8,1,5,22,4,1,17,41,1,2,3,2,5,0.3
Hoover,Paul,hoovepa01,35,2011,0.18,213,192,25,48,10,1,4,22,3,1,18,44,3,1,1,1,7,0.3
Hundley,Nick,hundlni01,28,2011,0.74,382,342,38,84,19,2,10,45,3,3,31,86,1,2,2,5,6,0.3
Inge,Brandon,ingebr01,34,2011,0.85,554,489,53,113,21,3,16,66,4,4,49,135,3,9,2,5,10,0.3
Iwamura,Akinori,iwamuak01,32,2011,0.78,340,300,38,75,15,3,4,26,6,2,34,63,1,2,2,2,3,0.3
Janish,Paul,janispa01,29,2011,0.68,343,304,37,72,18,1,6,31,3,2,30,53,2,4,4,1,7,0.3
Jenkins,Geoff,jenkige01,37,2011,0.45,200,180,20,44,9,1,5,20,2,1,16,41,2,1,1,2,4,0.3
Kata,Matt,katama01,33,2011,0.15,205,185,21,46,9,1,4,22,3,1,15,35,1,2,1,2,5,0.3
Kennedy,Adam,kennead01,35,2011,0.82,453,408,49,107,20,2,6,43,13,3,35,65,2,4,2,4,10,0.3
Kent,Jeff,kentje01,43,2011,0.54,200,184,19,47,9,1,5,22,1,1,13,30,1,2,0,1,5,0.3
Kotchman,Casey,kotchca01,28,2011,0.83,472,426,45,107,22,1,10,54,2,1,37,54,5,5,0,4,13,0.3
Kotsay,Mark,kotsama01,36,2011,0.77,400,364,37,92,19,2,8,40,3,3,32,50,3,1,1,2,11,0.3
Kottaras,George,kottage01,28,2011,0.59,336,293,38,68,19,1,9,35,3,1,36,63,2,1,1,5,6,0.3
Kouzmanoff,Kevin,kouzmke01,30,2011,0.86,550,511,54,128,28,2,16,69,2,1,26,103,3,8,0,5,17,0.3
Kratz,Erik,kratzer01,31,2011,0.13,218,196,24,47,9,1,5,22,3,1,18,41,1,2,1,1,4,0.3
Lo Duca,Paul,loducpa01,39,2011,0.33,200,179,20,44,9,1,3,19,3,1,16,29,1,3,1,1,6,0.3
Lopez,Jose,lopezjo01,28,2011,0.87,576,541,57,143,31,1,14,68,4,3,25,66,3,3,2,5,17,0.3
Lugo,Julio,lugoju01,36,2011,0.74,361,320,38,82,13,3,3,29,9,4,30,65,1,3,5,3,8,0.3
Luna,Hector,lunahe01,31,2011,0.11,215,194,24,48,10,1,6,24,3,2,16,45,1,2,1,2,4,0.3
Mackowiak,Rob,mackoro01,35,2011,0.14,200,177,23,42,8,1,5,21,3,1,18,40,1,2,1,2,4,0.3
Marte,Andy,martean01,28,2011,0.67,312,280,32,67,13,2,8,32,2,3,25,58,1,1,3,3,6,0.3
Martinez,Fernando,martife02,23,2011,0.3,221,197,25,48,11,1,5,23,4,2,17,37,1,4,1,2,3,0.3
May,Lucas,maylu01,27,2011,0.14,220,198,25,50,10,1,5,26,3,2,17,41,1,2,1,2,5,0.3
McAnulty,Paul,mcanupa01,30,2011,0.34,212,186,21,44,9,1,5,21,2,1,22,47,2,2,1,1,3,0.3
Melhuse,Adam,melhuad01,39,2011,0.07,200,180,22,44,9,1,5,21,3,1,16,42,1,2,1,1,4,0.3
Michaels,Jason,michaja01,35,2011,0.68,317,286,33,68,17,1,9,39,2,2,25,62,1,3,1,2,6,0.3
Moeller,Chad,moellch01,36,2011,0.4,218,195,23,48,13,1,4,21,2,1,17,40,1,3,1,2,5,0.3
Monroe,Craig,monrocr01,34,2011,0.42,209,188,23,44,9,1,6,27,2,1,18,46,1,1,1,1,5,0.3
Moore,Scott,mooresc02,28,2011,0.3,248,221,27,54,10,1,7,27,5,1,22,46,2,1,2,2,4,0.3
Morgan,Nyjer,morgany01,31,2011,0.82,542,481,64,130,19,5,3,34,31,14,39,86,2,8,10,4,6,0.3
Murton,Matt,murtoma01,30,2011,0.27,206,186,22,46,10,1,4,22,4,1,16,39,1,2,1,1,4,0.3
Navarro,Yamaico,navarya01,24,2011,0.16,223,199,26,50,9,1,5,26,3,1,18,46,2,2,1,3,4,0.3
Newhan,David,newhada01,38,2011,0.22,200,182,22,46,9,1,5,21,3,1,15,41,1,1,1,1,4,0.3
Nix,Jayson,nixja01,29,2011,0.73,410,368,42,84,17,1,14,41,6,2,31,91,3,6,3,2,7,0.3
Ochoa,Ivan,ochoaiv01,29,2011,0.25,200,179,20,44,10,1,4,18,2,1,14,38,1,2,4,1,4,0.3
Ozuna,Pablo,ozunapa01,37,2011,0.2,200,180,22,46,8,1,4,21,3,2,15,33,1,2,2,1,5,0.3
Patterson,Eric,patteer01,28,2011,0.61,313,279,38,67,13,3,7,30,13,2,28,75,1,2,2,2,4,0.3
Paulino,Ronny,pauliro01,30,2011,0.73,399,361,37,93,18,1,8,43,3,1,33,68,4,1,1,3,11,0.3
Paul,Xavier,paulxa01,26,2011,0.38,268,241,33,61,14,2,5,27,5,2,21,48,1,1,3,2,6,0.3
Phillips,Andy,phillan01,34,2011,0.19,200,180,23,44,9,1,5,22,3,1,16,36,1,2,1,1,5,0.3
Pierre,Juan,pierrju01,34,2011,0.85,610,548,74,150,18,4,3,44,47,15,38,51,2,12,10,2,8,0.3
Pierzynski,A.J.,pierzaj01,35,2011,0.84,505,473,50,128,25,1,11,51,3,2,21,58,4,4,4,3,15,0.3
Powell,Landon,powella01,29,2011,0.51,280,250,32,60,12,1,8,35,3,1,26,58,1,1,1,2,5,0.3
Quiroz,Guillermo,quirogu01,30,2011,0.31,205,184,21,45,9,1,4,21,2,1,16,40,1,2,2,1,4,0.3
Rabelo,Mike,rabelmi01,31,2011,0.23,200,179,21,44,7,1,5,21,3,1,16,38,1,2,1,2,4,0.3
Ransom,Cody,ransoco01,35,2011,0.38,232,208,28,49,12,1,6,26,4,1,19,50,1,2,2,1,4,0.3
Reddick,Josh,reddijo01,24,2011,0.32,238,218,26,53,12,1,6,24,3,1,16,47,1,2,1,1,4,0.3
Repko,Jason,repkoja01,31,2011,0.41,274,241,32,58,12,1,6,25,6,2,24,60,1,5,2,2,5,0.3
Rivera,Mike,rivermi02,35,2011,0.41,222,197,22,47,11,1,4,25,3,1,20,44,2,3,1,1,6,0.3
Roberts,Dave,roberda07,39,2011,0.25,200,176,23,43,8,1,4,19,4,2,20,35,1,1,1,2,3,0.3
Rollins,Jimmy,rolliji01,33,2011,0.85,470,427,57,106,24,4,11,47,22,3,37,50,3,2,1,3,6,0.3
Romero,Alex,romeral01,28,2011,0.47,216,197,22,49,10,2,4,23,4,1,15,36,1,2,1,1,6,0.3
Rosales,Adam,rosalad01,28,2011,0.68,366,328,38,82,14,2,8,36,4,2,30,72,1,3,2,3,4,0.3
Rowand,Aaron,rowanaa01,34,2011,0.83,433,395,45,98,21,1,11,46,4,2,26,94,3,9,1,2,12,0.3
Ryan,Michael,ryanmi03,34,2011,0.15,220,198,24,49,12,1,5,22,3,1,17,38,1,2,1,2,4,0.3
Salazar,Jeff,salazje01,31,2011,0.32,203,179,22,42,8,2,4,20,3,2,20,43,1,2,1,1,4,0.3
Sammons,Clint,sammocl01,28,2011,0.16,201,181,21,44,8,1,5,21,3,1,17,37,1,1,1,1,4,0.3
Sanchez,Angel,sanchan02,28,2011,0.53,336,306,38,83,13,3,4,34,3,2,21,57,1,3,5,1,8,0.3
Sanchez,Freddy,sanchfr01,34,2011,0.84,488,448,55,123,23,2,8,44,4,1,27,72,2,3,6,4,10,0.3
Santos,Omir,santoom01,30,2011,0.51,231,210,23,54,10,1,5,27,2,1,15,38,1,2,1,3,6,0.3
Saunders,Michael,saundmi01,25,2011,0.64,376,336,39,79,13,3,9,36,8,3,35,88,1,1,2,2,4,0.3
Schafer,Jordan,schafjo02,25,2011,0.39,220,193,24,47,10,1,4,19,3,1,24,52,2,1,1,1,4,0.3
Schneider,Brian,schnebr01,35,2011,0.69,293,257,26,62,11,1,7,30,1,1,29,46,4,2,3,2,7,0.3
Stairs,Matt,stairma01,43,2011,0.65,268,235,30,54,10,1,9,31,2,1,28,64,4,3,0,2,5,0.3
Stewart,Shannon,stewash01,37,2011,0.33,200,178,20,44,7,1,4,19,3,1,18,31,1,1,1,2,5,0.3
Sullivan,Cory,sullico01,32,2011,0.47,251,224,27,54,8,4,4,25,6,1,23,46,1,1,1,2,6,0.3
Suzuki,Kurt,suzukku01,28,2011,0.85,533,486,56,127,24,1,11,62,5,2,33,60,2,9,1,4,16,0.3
Tatum,Craig,tatumcr01,28,2011,0.44,271,243,26,62,10,1,4,26,3,1,24,46,2,2,1,1,6,0.3
Tejada,Miguel,tejadmi01,37,2011,0.87,608,570,69,156,30,1,12,64,5,3,25,65,3,8,1,4,21,0.3
Theriot,Ryan,theriry01,32,2011,0.87,588,528,68,145,17,3,4,38,18,9,46,75,2,4,7,3,13,0.3
Thomas,Frank,thomafr04,43,2011,0.42,200,176,20,42,7,1,5,20,2,1,20,40,1,2,1,1,5,0.3
Tolbert,Matt,tolbema01,29,2011,0.6,273,241,31,60,11,3,4,28,6,2,23,47,1,1,5,3,5,0.3
Toregas,Wyatt,toregwy01,29,2011,0.17,206,183,21,45,9,1,4,22,3,1,18,38,1,2,1,2,4,0.3
Velez,Eugenio,velezeu01,29,2011,0.67,264,241,31,61,12,3,5,27,8,3,17,45,1,2,3,1,6,0.3
Whiteside,Eli,whiteel03,32,2011,0.51,283,258,34,63,13,2,7,27,3,2,18,60,1,4,2,1,7,0.3
Winn,Randy,winnra01,37,2011,0.82,376,337,41,88,18,2,5,35,10,1,31,61,2,1,2,5,5,0.3
Young,Delwyn,youngde04,29,2011,0.72,342,311,35,78,16,1,8,37,3,1,26,77,1,2,2,1,9,0.3
Young,Eric,younger03,26,2011,0.5,301,272,38,70,11,1,4,23,15,7,26,53,1,1,1,1,5,0.3
Abreu,Tony,abreuto01,27,2011,0.47,302,278,30,70,15,1,5,28,4,2,18,61,1,1,1,4,9,0.29
Amezaga,Alfredo,amezaal01,33,2011,0.52,208,188,23,47,9,2,3,20,4,2,15,36,2,2,2,1,4,0.29
Anderson,Marlon,anderma02,37,2011,0.28,200,180,22,43,9,1,4,19,3,1,15,38,1,1,2,2,4,0.29
Aurilia,Rich,aurilri01,40,2011,0.61,213,195,18,49,8,1,5,23,2,1,15,36,2,1,0,2,5,0.29
Barajas,Rod,barajro01,36,2011,0.8,416,383,43,90,19,0,15,54,2,1,21,72,3,5,2,5,7,0.29
Bell,Josh,belljo01,25,2011,0.4,280,261,31,64,12,1,7,28,3,2,16,66,1,1,1,1,6,0.29
Betancourt,Yuniesky,betanyu01,29,2011,0.85,545,509,54,131,26,3,10,59,4,3,24,58,1,1,6,5,15,0.29
Bixler,Brian,bixlebr01,29,2011,0.31,205,185,24,43,10,1,4,18,3,1,15,51,2,3,1,1,3,0.29
Bloomquist,Willie,bloomwi01,34,2011,0.74,346,316,43,82,11,3,4,26,15,5,24,57,1,1,3,2,6,0.29
Blum,Geoff,blumge01,38,2011,0.76,352,320,33,78,14,1,8,39,2,1,25,57,3,3,0,4,6,0.29
Bonifacio,Emilio,bonifem01,26,2011,0.75,351,317,48,81,11,4,3,24,14,4,27,69,1,1,3,3,4,0.29
Boone,Aaron,booneaa01,38,2011,0.41,201,182,20,43,9,1,5,21,2,1,15,40,1,2,1,1,5,0.29
Bourgeois,Jason,bourgja01,29,2011,0.41,272,245,32,59,10,1,5,21,12,4,24,43,1,1,1,1,8,0.29
Broussard,Ben,brousbe01,35,2011,0.18,200,180,22,43,7,1,5,21,3,1,16,39,1,2,1,1,4,0.29
Brown,Emil,brownem01,37,2011,0.53,201,183,21,44,7,1,5,23,3,1,14,34,1,2,0,2,6,0.29
Burke,Chris,burkech01,31,2011,0.44,209,184,22,43,9,1,4,18,5,1,20,38,3,2,1,2,3,0.29
Butera,Drew,buterdr01,28,2011,0.39,278,250,28,59,12,2,6,28,3,1,18,48,1,4,3,3,7,0.29
Bynum,Freddie,bynumfr01,31,2011,0.23,200,180,23,43,8,1,4,20,3,2,15,40,1,2,2,1,4,0.29
Cabrera,Orlando,cabreor01,37,2011,0.87,539,494,62,130,27,1,6,47,11,4,32,62,1,2,4,7,13,0.29
Carson,Matt,carsoma01,30,2011,0.3,244,223,26,53,9,1,8,28,6,1,16,52,1,1,1,3,4,0.29
Cedeno,Ronny,cedenro02,28,2011,0.8,489,447,48,110,22,3,9,46,9,3,29,99,4,3,8,2,10,0.29
Chavez,Endy,chaveen01,33,2011,0.57,218,195,22,51,7,1,3,17,6,1,16,29,2,1,4,2,5,0.29
Chavez,Raul,chavera01,38,2011,0.46,217,200,20,50,9,1,4,21,2,1,13,35,1,1,2,1,5,0.29
Cintron,Alex,cintral01,33,2011,0.31,203,184,21,46,8,1,4,19,2,2,15,34,1,1,2,1,5,0.29
Clement,Jeff,clemeje01,28,2011,0.54,276,251,26,59,11,1,8,27,2,1,19,62,2,3,1,2,5,0.29
Coste,Chris,costech01,38,2011,0.6,223,201,20,48,11,0,5,22,1,1,17,46,1,3,1,1,5,0.29
Crowe,Trevor,crowetr01,28,2011,0.73,460,419,49,106,22,3,5,40,15,4,31,77,1,3,5,2,12,0.29
Cruz,Jose,cruzjo02,37,2011,0.13,200,178,22,42,8,1,4,19,3,1,19,36,1,1,1,1,4,0.29
Cruz,Luis,cruzlu01,27,2011,0.34,216,196,22,48,8,1,4,19,3,1,16,31,1,2,1,1,5,0.29
Dellucci,David,delluda01,38,2011,0.54,207,186,21,43,10,1,5,22,2,1,15,43,1,4,0,2,6,0.29
Dobbs,Greg,dobbsgr01,33,2011,0.65,305,280,30,68,13,1,9,35,3,1,21,58,2,1,1,2,5,0.29
Eckstein,David,eckstda01,36,2011,0.83,503,448,50,114,23,1,3,39,5,1,34,50,1,8,10,3,8,0.29
Erstad,Darin,erstada01,37,2011,0.58,215,197,25,48,10,1,4,20,2,2,15,44,2,1,1,1,3,0.29
Escobar,Alcides,escobal02,25,2011,0.73,489,445,57,114,15,7,6,42,10,4,33,68,5,4,4,3,7,0.29
Estrada,Johnny,estrajo01,35,2011,0.12,200,181,20,44,8,1,4,21,3,1,15,34,1,2,1,1,4,0.29
Feliciano,Jesus,felicje01,32,2011,0.33,260,234,29,58,11,2,4,21,4,1,19,40,1,2,3,2,6,0.29
Frandsen,Kevin,frandke01,29,2011,0.47,292,265,35,65,15,1,4,26,4,1,21,36,1,2,3,1,7,0.29
Gathright,Joey,gathrjo01,30,2011,0.47,203,182,26,46,6,1,3,18,8,3,15,34,1,2,3,1,4,0.29
Getz,Chris,getzch01,28,2011,0.71,366,330,40,84,15,2,3,31,18,3,28,51,2,4,2,2,5,0.29
Gimenez,Chris,gimench01,29,2011,0.42,246,217,26,48,11,1,6,24,3,1,25,57,1,1,2,1,5,0.29
Gomez,Carlos,gomezca01,26,2011,0.8,394,361,50,91,16,4,6,35,18,6,23,85,1,4,5,1,6,0.29
Gonzalez,Alberto,gonzaal03,28,2011,0.68,331,303,34,78,16,2,3,28,2,1,19,45,1,3,3,3,10,0.29
Green,Nick,greenni01,33,2011,0.53,242,218,27,52,12,1,5,26,2,2,17,50,1,4,1,2,6,0.29
Griffey,Ken,griffke02,42,2011,0.77,299,262,29,57,12,0,8,32,1,1,34,54,3,1,0,2,6,0.29
Gwynn,Tony,gwynnto02,29,2011,0.75,415,363,46,87,13,4,5,27,14,5,43,65,3,2,5,2,4,0.29
Harris,Brendan,harribr01,31,2011,0.76,305,275,31,67,14,1,5,26,1,1,22,58,0,3,2,3,8,0.29
Hatteberg,Scott,hattesc01,42,2011,0.13,200,179,21,43,9,1,4,21,3,2,17,36,1,1,1,2,4,0.29
Helms,Wes,helmswe01,35,2011,0.73,367,330,34,79,16,2,6,44,2,2,27,87,1,5,1,4,10,0.29
Hernandez,Anderson,hernaan01,29,2011,0.67,300,272,31,69,12,2,3,28,5,2,25,49,1,1,1,1,7,0.29
Hernandez,Michel,hernami01,33,2011,0.28,211,192,24,48,8,1,4,22,3,1,16,35,1,1,1,1,6,0.29
Hu,Chin-Lung,huch01,27,2011,0.31,213,190,25,45,9,1,4,21,4,1,17,39,2,2,2,2,6,0.29
Jaramillo,Jason,jaramja01,29,2011,0.54,271,245,24,58,13,1,5,28,2,1,22,44,2,2,1,1,11,0.29
Kelly,Don,kellydo01,31,2011,0.56,332,305,39,76,11,1,9,34,5,1,20,58,1,3,2,2,4,0.29
LaRoche,Andy,larocan01,28,2011,0.79,394,353,39,82,16,2,8,36,3,1,32,62,1,4,3,2,10,0.29
LaRue,Jason,larueja01,37,2011,0.53,243,219,23,50,9,1,6,23,2,1,17,40,1,4,2,1,7,0.29
Loretta,Mark,loretma01,40,2011,0.59,220,198,21,48,10,0,3,25,2,1,19,31,1,1,0,2,6,0.29
Marson,Lou,marsolo01,25,2011,0.6,354,314,40,73,19,1,6,32,7,1,33,68,1,3,2,2,8,0.29
Martinez,Ramon,martira03,39,2011,0.16,204,184,20,44,10,1,4,22,3,1,16,39,1,1,1,2,5,0.29
Matsui,Kazuo,matsuka01,36,2011,0.76,292,261,31,64,12,1,5,24,9,2,21,47,1,2,6,2,3,0.29
Matthews,Gary,matthga02,37,2011,0.73,268,239,30,56,12,1,4,28,4,1,25,59,2,2,1,1,5,0.29
McCoy,Mike,mccoymi01,30,2011,0.28,246,222,28,53,11,1,5,22,8,2,21,48,1,1,1,1,4,0.29
Mench,Kevin,menchke01,33,2011,0.31,214,191,25,46,11,1,4,20,3,1,19,38,2,1,1,2,4,0.29
Millar,Kevin,millake01,40,2011,0.71,228,203,24,46,10,0,6,24,1,1,23,40,1,1,0,1,5,0.29
Molina,Bengie,molinbe01,37,2011,0.83,460,425,39,109,20,1,11,57,1,1,21,52,3,5,2,7,14,0.29
Moss,Brandon,mossbr01,28,2011,0.69,256,232,26,56,12,2,5,27,2,2,20,54,2,2,0,2,4,0.29
Navarro,Dioner,navardi01,27,2011,0.76,312,281,30,70,14,0,5,28,3,2,21,42,1,3,5,2,9,0.29
Ojeda,Augie,ojedaau01,37,2011,0.68,277,241,29,56,12,2,3,20,2,1,25,34,2,5,4,2,6,0.29
Orr,Pete,orrpe01,32,2011,0.32,208,189,22,48,8,1,4,22,4,1,14,39,1,2,1,2,3,0.29
Payton,Jay,paytoja01,39,2011,0.51,218,200,23,50,9,1,4,22,4,1,15,37,1,1,1,1,5,0.29
Pena,Ramiro,penara02,26,2011,0.52,296,270,35,70,10,2,4,31,8,2,18,50,1,2,4,2,6,0.29
Pena,Wily Mo,penawi01,29,2011,0.34,200,182,19,44,8,1,4,18,2,1,15,40,1,1,1,1,4,0.29
Punto,Nick,puntoni01,34,2011,0.78,388,336,41,82,15,2,3,32,11,3,40,67,2,1,7,4,7,0.29
Quintanilla,Omar,quintom01,30,2011,0.45,207,184,23,44,11,1,3,17,2,1,17,45,2,1,4,1,3,0.29
Reed,Jeremy,reedje03,30,2011,0.59,229,207,21,52,10,1,3,21,2,2,17,41,1,1,2,2,4,0.29
Renteria,Edgar,renteed01,36,2011,0.81,384,349,40,89,15,2,6,35,5,2,28,58,3,1,3,3,12,0.29
Reyes,Argenis,reyesar01,29,2011,0.27,202,181,22,44,7,1,4,18,4,1,15,37,1,2,3,1,4,0.29
Rivas,Luis,rivaslu01,32,2011,0.36,200,182,22,44,8,1,4,20,3,2,15,33,1,1,1,1,5,0.29
Rodriguez,Luis,rodrilu01,31,2011,0.58,225,197,21,48,9,1,3,18,2,1,22,28,2,1,3,2,6,0.29
Rohlinger,Ryan,rohliry01,28,2011,0.18,211,190,22,46,9,1,4,23,3,2,17,42,1,1,2,1,6,0.29
Stavinoha,Nick,stavini01,29,2011,0.5,272,251,26,62,12,1,6,29,3,1,16,52,1,2,1,2,7,0.29
Taguchi,So,tagucso01,42,2011,0.23,201,181,24,43,9,1,4,20,4,1,16,37,1,1,2,1,4,0.29
Thurston,Joe,thursjo01,32,2011,0.51,231,204,23,48,11,2,3,21,3,1,22,43,3,2,2,1,6,0.29
Towles,J.R.,towlejr01,27,2011,0.45,231,205,23,45,10,1,6,25,2,1,19,49,2,4,2,1,5,0.29
Tracy,Chad,tracych01,31,2011,0.7,309,281,29,70,15,0,7,36,2,1,23,55,3,2,0,3,5,0.29
Tuiasosopo,Matt,tuiasma01,25,2011,0.44,272,246,28,56,12,1,7,26,3,1,21,66,1,2,1,2,5,0.29
Valbuena,Luis,valbulu01,26,2011,0.73,395,357,42,84,20,2,7,33,3,3,32,77,1,2,2,2,7,0.29
Valdez,Wilson,valdewi01,33,2011,0.65,391,355,42,91,17,3,6,38,6,1,27,55,5,3,5,1,17,0.29
Varitek,Jason,varitja01,39,2011,0.76,304,269,29,58,14,0,9,32,1,1,31,73,3,2,0,2,6,0.29
Vidro,Jose,vidrojo01,37,2011,0.45,200,183,20,44,8,1,5,23,2,1,14,31,1,1,1,1,4,0.29
Wilkerson,Brad,wilkebr01,34,2011,0.44,200,176,19,42,8,1,4,20,3,2,19,41,2,1,2,2,3,0.29
Willits,Reggie,willire03,30,2011,0.58,300,261,39,64,11,1,3,22,6,4,29,52,1,2,6,2,3,0.29
Wise,Dewayne,wisede01,33,2011,0.58,274,251,35,61,11,3,7,28,8,3,15,56,1,3,4,1,5,0.29
Woodward,Chris,woodwch01,35,2011,0.28,220,196,22,47,8,1,4,20,3,1,19,46,1,2,1,2,4,0.29
Anderson,Garret,anderga01,39,2011,0.8,335,312,31,78,15,1,7,37,3,1,17,54,2,1,1,4,8,0.28
Anderson,Josh,anderjo03,29,2011,0.58,230,213,29,54,8,2,3,21,12,3,14,40,1,1,1,1,4,0.28
Ausmus,Brad,ausmubr01,42,2011,0.56,246,219,21,52,9,0,4,21,2,1,20,48,2,2,4,1,5,0.28
Bako,Paul,bakopa01,39,2011,0.56,213,191,21,43,8,1,4,20,1,1,19,51,2,1,1,1,5,0.28
Bard,Josh,bardjo01,33,2011,0.67,293,265,23,60,15,0,6,28,2,1,24,52,1,1,2,1,6,0.28
Berroa,Angel,berroan01,33,2011,0.45,206,184,24,43,9,1,3,18,2,1,16,38,2,2,3,1,7,0.28
Blanco,Henry,blanche01,40,2011,0.63,295,267,28,63,12,1,6,24,2,1,24,59,3,1,1,2,6,0.28
Bruntlett,Eric,brunter01,33,2011,0.5,212,189,27,43,10,1,3,18,5,1,16,39,1,3,2,2,5,0.28
Burke,Jamie,burkeja02,40,2011,0.3,206,185,20,43,7,1,4,19,2,1,15,39,1,2,2,2,5,0.28
Byrnes,Eric,byrneer01,35,2011,0.61,245,223,25,49,12,1,6,25,6,3,18,40,1,2,1,1,5,0.28
Cash,Kevin,cashke01,34,2011,0.51,267,238,21,53,10,1,5,23,2,1,23,60,1,2,2,2,7,0.28
Chavez,Eric,chaveer01,34,2011,0.46,265,241,26,57,14,1,5,27,2,1,19,55,1,1,1,3,5,0.28
Cora,Alex,coraal01,36,2011,0.7,328,292,30,70,12,2,3,27,6,2,24,38,2,6,4,2,5,0.28
Crosby,Bobby,crosbbo01,31,2011,0.76,322,290,32,67,16,1,5,31,3,2,27,57,1,1,2,2,7,0.28
Hannahan,Jack,hannaja01,31,2011,0.69,230,204,22,46,11,1,4,20,2,1,22,55,1,1,1,2,3,0.28
Hernandez,Diory,hernadi01,27,2011,0.26,214,192,25,44,9,1,5,22,3,2,17,43,3,1,3,1,5,0.28
Iguchi,Tadahito,iguchta01,37,2011,0.46,200,181,20,43,9,1,3,18,4,1,16,42,1,1,1,1,5,0.28
Johjima,Kenji,johjike01,35,2011,0.65,226,208,20,49,10,0,5,21,2,1,13,29,1,3,1,1,5,0.28
Johnson,Rob,johnsro07,28,2011,0.66,334,295,33,65,17,1,5,30,3,2,31,68,2,3,2,3,9,0.28
Jones,Jacque,jonesja04,36,2011,0.25,200,177,22,40,8,1,4,19,2,1,18,38,1,2,1,2,4,0.28
Kendall,Jason,kendaja01,37,2011,0.84,498,439,42,106,20,1,3,40,9,4,40,56,4,9,5,5,10,0.28
Laird,Gerald,lairdge01,32,2011,0.79,397,354,41,83,19,1,6,34,4,2,28,68,1,6,6,3,8,0.28
Lamb,Mike,lambmi01,36,2011,0.46,220,199,21,47,9,2,3,24,2,1,16,36,2,1,1,3,3,0.28
Lillibridge,Brent,lillibr01,28,2011,0.5,262,237,32,54,12,2,5,27,8,4,20,62,1,2,2,1,5,0.28
Manzella,Tommy,manzeto01,28,2011,0.54,342,310,30,75,12,1,5,31,3,2,22,76,2,3,4,3,7,0.28
McDonald,John,mcdonjo03,37,2011,0.63,297,273,36,66,13,1,7,31,3,2,15,47,1,2,4,3,6,0.28
Miles,Aaron,milesaa01,35,2011,0.69,292,268,31,70,11,1,3,21,3,2,17,38,2,1,4,2,6,0.28
Miller,Corky,milleco01,35,2011,0.46,251,225,23,50,11,1,5,28,2,1,19,50,1,3,2,2,5,0.28
Molina,Jose,molinjo01,36,2011,0.67,307,276,29,64,12,0,6,24,2,1,20,58,1,5,4,2,9,0.28
Montanez,Luis,montalu01,30,2011,0.46,238,218,24,51,10,1,5,23,3,1,15,42,1,2,1,2,4,0.28
Nieves,Wil,nievewi01,34,2011,0.67,311,281,26,68,12,1,4,31,2,1,21,55,2,2,4,3,9,0.28
Patterson,Corey,patteco01,32,2011,0.71,373,340,43,82,16,1,9,34,16,5,22,74,2,2,7,2,5,0.28
Quinlan,Robb,quinlro01,34,2011,0.5,230,210,24,51,8,1,4,22,4,2,16,45,1,2,1,1,5,0.28
Redmond,Mike,redmomi01,40,2011,0.53,249,228,24,55,11,1,3,21,2,1,16,38,1,2,2,1,8,0.28
Rodriguez,Ivan,rodriiv01,40,2011,0.81,455,426,44,107,20,2,7,45,4,3,22,84,2,2,2,3,20,0.28
Ryan,Brendan,ryanbr01,29,2011,0.8,486,439,56,110,20,4,4,39,12,5,33,68,4,4,7,3,8,0.28
Sardinha,Dane,sardida01,32,2011,0.29,223,202,23,46,9,1,6,25,3,1,16,51,1,1,2,2,5,0.28
Smith,Jason,smithja05,34,2011,0.14,203,184,23,43,9,1,4,20,3,2,15,43,1,1,1,2,4,0.28
Sweeney,Mark,sweenma01,42,2011,0.21,200,177,18,40,8,1,4,19,2,1,19,42,1,1,1,2,3,0.28
Vizquel,Omar,vizquom01,44,2011,0.75,415,371,37,91,14,2,4,33,9,5,32,58,3,2,7,3,7,0.28
Wilson,Jack,wilsoja02,34,2011,0.75,346,317,31,80,18,1,4,29,3,2,18,49,1,3,5,3,5,0.28
Wilson,Josh,wilsojo03,30,2011,0.7,415,380,34,89,18,2,5,32,5,2,23,80,1,9,2,1,7,0.28
Alfonzo,Eliezer,alfonel01,32,2011,0.37,232,215,22,49,9,1,5,23,2,1,14,51,1,1,1,1,5,0.27
Everett,Adam,everead01,34,2011,0.67,284,252,30,58,14,1,4,29,4,2,19,48,1,2,8,3,5,0.27
Feliz,Pedro,felizpe01,36,2011,0.83,477,443,44,106,19,2,9,53,2,1,26,59,2,2,2,4,12,0.27
Greene,Khalil,greenkh01,32,2011,0.63,219,198,21,44,8,1,5,22,3,1,15,46,1,2,1,3,4,0.27
Hill,Koyie,hillko01,32,2011,0.66,344,312,32,72,16,2,4,30,2,1,26,86,5,1,3,2,8,0.27
Izturis,Cesar,izturce01,31,2011,0.82,498,458,46,112,15,3,3,33,14,5,28,53,1,5,5,2,10,0.27
Moore,Adam,mooread01,27,2011,0.5,311,286,29,66,12,1,7,29,3,2,19,72,2,3,1,2,6,0.27
Quintero,Humberto,quinthu01,32,2011,0.68,355,331,27,78,14,1,7,30,2,1,17,74,2,4,2,1,9,0.27
Taveras,Willy,taverwi01,30,2011,0.75,262,238,32,58,8,1,2,16,19,4,16,41,0,2,5,1,2,0.27
Treanor,Matt,treanma01,35,2011,0.64,337,299,30,67,11,1,6,33,3,2,27,63,1,4,4,3,6,0.27
Castro,Juan,castrju01,39,2011,0.59,282,257,27,58,11,1,4,26,2,1,19,53,1,1,2,3,6,0.26
Mathis,Jeff,mathije01,28,2011,0.72,336,300,34,65,11,1,7,35,4,2,24,84,2,3,6,3,4,0.26
Pena,Tony,penato02,30,2011,0.43,205,189,21,40,7,1,3,18,3,1,13,41,1,1,1,1,4,0.25
Wood,Brandon,woodbr01,26,2011,0.61,326,298,32,61,9,1,7,27,4,1,17,82,1,3,6,2,6,0.25
