nameLast,nameFirst,playerID,lgID,Age,year,reliability,mIP,mW,mL,mSV,mH,mR,mER,bsrER,ERA,mHR,mSO,mBB,mIBB,mHBP,mWP,mBK,mG,mGS
Adams,Mike,adamsmi03,NL,33,2011,0.56,62,3,2,0,50,21,19,20,2.83,4,62,21,2,1,1,0,62,0
Hernandez,Felix,hernafe02,AL,25,2011,0.84,209,13,9,0,171,73,61,71,2.84,15,191,63,2,7,11,1,29,29
Bailey,Andrew,bailean01,AL,27,2011,0.54,58,3,3,17,45,19,18,19,2.87,5,52,18,2,1,2,0,51,0
Kuo,Hong-Chih,kuoho01,NL,30,2011,0.55,58,3,2,5,45,19,18,19,2.87,4,60,20,1,2,3,1,51,1
Rivera,Mariano,riverma01,AL,42,2011,0.59,62,3,3,26,51,21,19,21,2.9,5,51,16,2,3,1,0,61,0
Soria,Joakim,soriajo01,AL,27,2011,0.58,63,3,3,29,53,20,19,22,2.93,5,62,19,1,2,2,1,60,0
Wainwright,Adam,wainwad01,NL,30,2011,0.83,198,16,9,0,175,68,61,70,2.98,15,178,54,2,4,4,0,29,29
Feliz,Neftali,felizne01,AL,23,2011,0.5,63,4,3,20,47,23,22,20,3,5,60,19,1,3,3,0,58,0
Soriano,Rafael,soriara01,AL,32,2011,0.57,64,3,3,25,50,24,22,21,3.02,6,60,20,2,2,1,0,65,0
Wagner,Billy,wagnebi02,NL,40,2011,0.52,61,4,3,20,48,23,19,22,3.02,6,69,22,2,2,2,0,63,0
Halladay,Roy,hallaro01,NL,34,2011,0.85,209,15,9,0,196,71,64,77,3.04,19,183,36,2,6,4,1,28,28
Kershaw,Clayton,kershcl01,NL,23,2011,0.8,179,10,9,0,141,65,61,61,3.07,12,187,73,6,4,7,2,30,30
Johnson,Josh,johnsjo09,NL,27,2011,0.8,173,11,6,0,152,60,57,61,3.07,11,166,49,4,5,6,0,27,27
O'Day,Darren,odayda01,AL,29,2011,0.57,62,4,2,1,52,23,21,22,3.12,5,48,18,2,4,1,0,68,0
Lincecum,Tim,linceti01,NL,27,2011,0.83,189,13,8,0,159,69,64,67,3.12,13,209,63,4,5,9,0,28,28
Bard,Daniel,bardda01,AL,26,2011,0.55,67,3,3,2,54,26,23,24,3.16,6,65,26,2,2,2,0,66,0
Venters,Jonny,ventejo01,NL,26,2011,0.48,67,4,3,1,56,28,22,25,3.16,4,66,27,2,4,3,0,63,0
Marmol,Carlos,marmoca01,NL,29,2011,0.64,71,3,3,18,49,28,26,24,3.17,4,92,40,3,6,3,1,72,0
Hudson,Daniel,hudsoda01,NL,24,2011,0.55,104,7,4,0,85,39,36,38,3.2,10,92,34,2,4,5,0,17,15
Romo,Sergio,romose01,NL,28,2011,0.52,59,5,3,1,50,23,21,21,3.2,5,59,18,2,3,1,0,67,0
Bell,Heath,bellhe01,NL,34,2011,0.62,67,5,3,26,59,25,23,25,3.22,4,68,25,2,2,2,0,64,0
Jimenez,Ubaldo,jimenub01,NL,27,2011,0.83,193,14,9,0,157,74,70,68,3.22,11,181,77,5,8,11,1,30,30
Nathan,Joe,nathajo01,AL,37,2011,0.43,32,1,1,12,27,12,11,12,3.23,3,30,11,1,1,1,0,32,0
Jansen,Kenley,janseke01,NL,24,2011,0.23,39,2,2,2,32,15,14,14,3.23,3,39,15,1,1,1,0,36,0
Carpenter,Chris,carpech01,NL,36,2011,0.81,197,14,7,0,180,77,68,74,3.24,15,149,53,3,9,3,0,29,29
Gregerson,Luke,gregelu01,NL,27,2011,0.59,72,3,5,1,57,30,28,24,3.25,6,76,23,4,2,2,0,71,0
Cain,Matt,cainma01,NL,27,2011,0.83,193,11,9,0,165,74,69,71,3.26,18,160,61,5,4,7,0,29,29
Benoit,Joaquin,benoijo01,AL,34,2011,0.46,55,2,3,1,45,22,20,20,3.27,6,52,19,1,1,2,0,57,0
Meek,Evan,meekev01,NL,28,2011,0.57,70,4,3,2,56,28,25,26,3.28,6,60,29,3,3,3,0,60,0
Wilson,Brian,wilsobr01,NL,29,2011,0.62,70,4,4,32,63,26,24,27,3.28,5,74,25,4,2,2,0,66,0
Thornton,Matt,thornma01,AL,35,2011,0.6,63,4,3,4,53,24,23,23,3.29,5,65,21,3,2,2,0,63,0
Lee,Cliff,leecl02,AL,33,2011,0.83,189,12,9,0,185,74,68,70,3.29,14,152,32,2,3,4,1,26,26
Sabathia,C.C.,sabatcc01,AL,31,2011,0.84,202,16,7,0,178,80,73,75,3.3,17,170,60,5,7,5,1,29,29
Latos,Mat,latosma01,NL,24,2011,0.71,157,11,9,0,132,62,58,57,3.3,15,153,48,3,3,4,1,27,27
Hanson,Tommy,hansoto01,NL,25,2011,0.76,174,11,8,0,153,71,64,64,3.31,13,154,53,3,9,4,0,29,29
Santana,Johan,santajo01,NL,32,2011,0.81,176,11,8,0,162,66,61,69,3.32,17,143,51,3,3,3,1,26,26
Clippard,Tyler,clippty01,NL,26,2011,0.6,77,7,5,0,62,31,28,29,3.33,8,82,32,3,2,2,1,60,0
Rhodes,Arthur,rhodear01,NL,42,2011,0.54,58,3,3,0,50,22,21,22,3.34,5,50,22,2,2,2,0,76,0
Lester,Jon,lestejo01,AL,27,2011,0.82,184,15,8,0,159,72,68,69,3.35,15,184,64,1,7,5,0,29,29
Garcia,Jaime,garcija02,NL,25,2011,0.65,138,10,7,0,127,58,48,55,3.36,10,114,52,4,3,4,1,26,23
Stauffer,Tim,staufti01,NL,29,2011,0.6,87,5,6,0,79,32,30,35,3.36,7,68,31,3,3,2,0,27,11
Price,David,priceda01,AL,26,2011,0.77,175,14,7,0,150,72,64,67,3.37,16,151,65,1,5,4,2,29,27
Downs,Scott,downssc01,AL,35,2011,0.57,60,3,4,3,54,24,22,23,3.38,5,47,19,2,3,2,0,63,0
Greinke,Zack,greinza01,AL,28,2011,0.83,193,11,10,0,180,81,72,73,3.38,15,173,50,1,5,5,0,29,29
Howell,J.P.,howeljp01,AL,28,2011,0.46,32,2,2,3,27,13,12,12,3.38,3,30,13,1,1,1,0,29,0
Breslow,Craig,breslcr01,AL,31,2011,0.61,69,4,4,2,56,29,26,26,3.39,7,58,26,2,2,2,1,72,0
Frieri,Ernesto,frierer01,NL,26,2011,0.27,41,2,2,0,35,17,15,16,3.4,4,40,17,2,1,2,0,43,0
Strasburg,Stephen,strasst01,NL,23,2011,0.43,94,6,5,0,83,40,36,35,3.4,8,102,29,2,2,3,0,17,17
Perez,Chris,perezch01,AL,26,2011,0.56,62,3,3,11,50,25,23,24,3.41,6,58,25,1,4,4,0,64,0
Hudson,Tim,hudsoti01,NL,36,2011,0.77,178,12,8,0,162,67,64,71,3.41,16,117,59,6,6,4,0,27,27
Burnett,Sean,burnese01,NL,29,2011,0.58,62,2,4,1,54,25,23,24,3.41,5,54,24,4,2,3,0,72,0
Ogando,Alexi,ogandal01,AL,28,2011,0.32,46,3,2,0,42,18,16,19,3.42,4,38,17,1,1,2,0,49,0
Oliver,Darren,oliveda02,AL,41,2011,0.6,63,3,2,0,59,25,23,25,3.43,5,53,19,4,3,2,0,58,0
Hensley,Clay,henslcl01,NL,32,2011,0.5,63,3,3,3,55,26,23,25,3.43,5,56,25,3,3,2,0,56,0
Ramirez,Ramon,ramirra02,NL,30,2011,0.61,67,3,3,1,57,26,24,27,3.43,6,54,27,4,2,4,1,67,0
Oswalt,Roy,oswalro01,NL,34,2011,0.82,183,11,10,0,165,74,70,70,3.44,18,155,49,3,6,3,1,29,29
Axford,John,axforjo01,NL,28,2011,0.42,55,5,3,13,47,22,21,21,3.44,4,56,23,2,1,3,0,47,0
Broxton,Jonathan,broxtjo01,NL,27,2011,0.6,64,4,4,18,55,27,25,24,3.45,5,73,24,3,2,2,0,64,0
Rodriguez,Francisco,rodrifr03,NL,29,2011,0.59,60,3,3,25,52,24,22,24,3.45,5,62,25,4,2,3,0,60,0
McClellan,Kyle,mccleky01,NL,27,2011,0.62,69,3,4,2,61,27,25,28,3.46,7,57,25,2,3,3,0,64,0
Verlander,Justin,verlaju01,AL,28,2011,0.84,196,14,9,0,173,84,78,73,3.47,15,190,62,3,6,7,2,29,29
Kimbrel,Craig,kimbrcr01,NL,23,2011,0.19,35,3,2,1,30,14,13,14,3.47,3,38,15,1,1,2,0,36,0
Valverde,Jose,valvejo01,AL,32,2011,0.58,62,3,3,21,52,26,24,24,3.48,6,56,25,1,2,2,0,60,0
Sanches,Brian,sanchbr01,NL,33,2011,0.54,62,3,3,0,55,26,22,26,3.48,6,53,25,3,3,4,0,57,0
Calero,Kiko,calerki01,NL,36,2011,0.32,31,1,2,0,27,13,12,12,3.48,2,29,13,1,1,1,0,35,0
Buchholz,Clay,buchhcl01,AL,27,2011,0.75,156,12,8,0,140,65,58,63,3.49,13,116,60,2,4,5,1,26,26
Anderson,Brett,anderbr04,AL,23,2011,0.72,134,8,7,0,128,58,51,53,3.49,11,105,34,2,5,3,1,23,23
Wood,Travis,woodtr01,NL,24,2011,0.54,111,6,5,0,97,50,45,41,3.49,10,95,33,2,4,2,1,18,18
Saito,Takashi,saitota01,NL,41,2011,0.55,58,3,3,3,53,24,21,24,3.49,5,57,22,2,2,2,0,59,0
Weaver,Jered,weaveje02,AL,29,2011,0.83,193,12,10,0,172,80,75,75,3.5,21,176,55,2,3,5,1,30,30
Duensing,Brian,duensbr01,AL,28,2011,0.68,108,7,4,0,103,43,39,45,3.5,10,71,34,3,3,2,0,40,11
Chacin,Jhoulys,chacijh01,NL,23,2011,0.62,117,7,8,0,99,54,45,46,3.5,10,114,49,4,6,4,0,27,18
Lyon,Brandon,lyonbr01,NL,32,2011,0.63,72,5,5,11,65,30,28,28,3.5,5,55,27,7,2,3,0,68,0
Balfour,Grant,balfogr01,AL,34,2011,0.57,59,3,3,1,51,25,23,23,3.51,5,55,23,1,1,2,0,61,0
Gee,Dillon,geedi01,NL,25,2011,0.27,77,4,4,0,69,33,29,31,3.51,7,58,29,3,2,2,0,12,12
Madson,Ryan,madsory01,NL,31,2011,0.6,59,4,3,4,55,24,22,24,3.51,5,57,18,2,3,2,0,60,0
Street,Huston,streehu01,NL,28,2011,0.56,55,4,3,17,47,24,22,21,3.52,6,53,16,3,1,2,0,53,0
Papelbon,Jonathan,papeljo01,AL,31,2011,0.6,65,4,4,27,58,28,25,26,3.53,6,64,23,2,2,2,0,63,0
Cahill,Trevor,cahiltr01,AL,23,2011,0.78,176,13,9,0,152,75,69,69,3.53,19,111,59,2,5,4,1,29,29
Sale,Chris,salech01,AL,22,2011,0.21,37,2,2,2,32,15,14,15,3.53,4,34,13,1,1,2,0,33,0
Danks,John,danksjo01,AL,26,2011,0.82,187,12,10,0,166,79,75,72,3.54,18,145,61,2,4,3,1,29,29
Wilson,C.J.,wilsocj01,AL,31,2011,0.75,146,10,7,8,126,64,58,57,3.54,10,125,63,2,7,5,1,54,18
Bumgarner,Madison,bumgama01,NL,22,2011,0.57,113,7,6,0,111,44,41,48,3.54,11,95,32,3,4,2,1,20,18
Thatcher,Joe,thatcjo01,NL,30,2011,0.45,47,2,2,0,43,19,18,19,3.54,4,47,16,3,2,1,0,69,0
Aardsma,David,aardsda01,AL,30,2011,0.56,57,2,4,20,47,25,23,22,3.55,5,52,25,3,2,2,0,59,0
Masset,Nick,masseni01,NL,29,2011,0.62,71,4,3,1,63,30,27,29,3.55,7,67,27,2,1,5,0,70,0
Ziegler,Brad,zieglbr01,AL,32,2011,0.59,63,3,4,3,61,25,23,27,3.57,4,44,25,4,2,1,0,61,0
Jurrjens,Jair,jurrjja01,NL,25,2011,0.78,140,9,7,0,130,59,54,57,3.57,12,109,48,4,3,3,1,23,23
Billingsley,Chad,billich01,NL,27,2011,0.81,175,11,10,0,158,76,70,69,3.57,12,162,66,6,7,7,0,29,28
Hamels,Cole,hamelco01,NL,28,2011,0.82,184,10,10,0,171,75,71,75,3.57,21,173,50,5,5,3,0,29,29
Duchscherer,Justin,duchsju01,AL,34,2011,0.46,74,5,4,0,68,32,29,30,3.59,7,52,25,1,3,2,0,12,12
Moylan,Peter,moylape01,NL,33,2011,0.56,64,5,3,1,59,28,24,27,3.59,5,53,29,5,2,2,0,81,0
Franklin,Ryan,frankry01,NL,38,2011,0.6,64,4,3,20,61,26,24,27,3.59,6,46,20,2,3,3,0,60,0
Wheeler,Dan,wheelda01,AL,34,2011,0.55,55,3,4,3,46,24,22,22,3.6,8,44,17,2,1,2,0,67,0
Devine,Joey,devinjo01,AL,28,2011,0.15,25,2,1,0,23,11,10,10,3.6,2,20,9,1,1,1,0,23,0
Worley,Vance,worleva01,NL,24,2011,0.13,45,3,3,0,41,20,18,18,3.6,4,39,16,1,1,2,0,17,7
Aceves,Alfredo,aceveal01,AL,29,2011,0.47,41,4,1,1,37,18,17,16,3.62,4,30,12,1,2,1,0,21,1
Happ,J.A.,happja01,NL,29,2011,0.7,112,7,4,0,101,45,42,48,3.62,12,89,45,2,3,3,0,23,18
Lilly,Ted,lillyte01,NL,35,2011,0.81,175,11,10,0,157,76,70,71,3.63,24,149,45,3,4,3,2,27,27
Motte,Jason,motteja01,NL,29,2011,0.51,57,4,3,1,52,24,22,24,3.63,6,53,21,2,1,2,0,64,0
Guerrier,Matt,guerrma02,AL,33,2011,0.62,68,4,5,1,61,29,27,28,3.64,8,46,22,2,3,3,0,70,0
Mijares,Jose,mijarjo01,AL,27,2011,0.46,47,2,2,0,43,19,18,20,3.64,5,39,16,1,2,1,0,60,0
Marshall,Sean,marshse01,NL,29,2011,0.63,73,5,5,0,68,32,29,30,3.64,6,70,26,4,2,2,0,61,4
Rodriguez,Wandy,rodriwa01,NL,32,2011,0.81,178,11,11,0,170,80,69,75,3.64,16,163,59,4,6,5,1,29,29
Storen,Drew,storedr01,NL,24,2011,0.38,53,3,3,3,48,24,22,21,3.65,4,47,19,2,2,2,0,51,0
Kuroda,Hiroki,kurodhi01,NL,36,2011,0.79,169,10,11,0,162,80,69,68,3.65,15,130,44,8,4,8,0,28,28
O'Flaherty,Eric,oflaher01,NL,26,2011,0.49,53,3,2,0,49,23,21,22,3.65,4,43,19,2,3,2,0,69,0
Chapman,Aroldis,chapmar01,NL,23,2011,0.13,32,2,2,0,29,14,13,13,3.66,3,30,11,1,1,2,0,36,0
Tejeda,Robinson,tejedro01,AL,29,2011,0.58,65,3,4,0,54,30,27,26,3.67,6,59,30,1,2,4,1,45,2
Braden,Dallas,bradeda01,AL,28,2011,0.78,168,10,11,0,162,75,69,68,3.67,15,106,46,2,4,2,1,28,26
Fuentes,Brian,fuentbr01,AL,36,2011,0.54,55,3,3,24,48,24,22,23,3.68,6,47,21,1,3,2,0,59,0
Kilby,Brad,kilbybr01,AL,28,2011,0.18,33,2,1,0,30,14,13,14,3.68,4,27,10,1,1,1,0,20,1
Gallardo,Yovani,gallayo01,NL,25,2011,0.78,171,12,8,0,153,76,70,70,3.68,15,182,70,5,4,7,1,28,28
Marcum,Shaun,marcush01,AL,30,2011,0.73,158,10,7,0,146,69,65,65,3.7,19,129,43,3,6,4,0,25,25
Gonzalez,Mike,gonzami02,AL,33,2011,0.49,45,2,3,4,39,21,18,19,3.7,5,43,18,2,2,2,0,49,0
Betancourt,Rafael,betanra01,NL,36,2011,0.58,62,4,3,1,57,28,26,25,3.7,7,65,18,3,1,3,0,68,0
Frasor,Jason,frasoja01,AL,34,2011,0.57,63,4,4,4,58,28,26,26,3.71,5,55,24,4,3,3,0,67,0
Perry,Ryan,perryry01,AL,24,2011,0.54,63,3,3,1,56,28,26,26,3.71,6,51,25,2,3,3,0,58,0
Bedard,Erik,bedarer01,AL,32,2011,0.48,68,4,3,0,61,30,27,29,3.71,7,60,26,1,3,2,0,12,12
Reynolds,Matt,reynoma02,NL,27,2011,0.17,34,2,2,0,30,15,14,14,3.71,4,29,12,1,2,1,0,40,0
Webb,Ryan,webbry01,NL,25,2011,0.46,57,3,2,0,57,25,22,25,3.71,4,46,20,3,2,3,0,54,0
Abad,Fernando,abadfe01,NL,26,2011,0.18,35,2,2,0,32,16,14,15,3.73,4,28,12,1,1,1,0,40,0
Dunn,Michael,dunnmi01,NL,26,2011,0.2,35,2,2,0,32,15,14,15,3.73,3,33,16,2,1,2,0,45,0
Rogers,Mark,rogerma01,NL,25,2011,0.1,47,2,2,0,42,21,20,19,3.73,4,41,17,1,2,2,0,19,9
Wuertz,Michael,wuertmi01,AL,33,2011,0.55,53,3,2,3,46,24,22,22,3.74,6,49,20,2,1,3,0,55,0
Peavy,Jake,peavyja01,AL,30,2011,0.72,124,8,7,0,110,55,53,50,3.74,13,110,41,1,4,3,1,19,19
Sanabia,Alejandro,sanabal01,NL,23,2011,0.45,89,6,4,0,86,40,37,37,3.74,8,69,26,3,3,2,0,19,15
League,Brandon,leagubr01,AL,28,2011,0.61,72,5,5,2,66,34,30,30,3.75,7,58,24,3,3,5,0,64,0
Kohn,Michael,kohnmi01,AL,25,2011,0.19,36,2,2,1,33,16,15,15,3.75,3,29,15,1,1,1,0,40,0
Smith,Joe,smithjo05,AL,27,2011,0.49,48,3,2,0,42,22,20,20,3.75,5,39,20,1,2,1,0,61,0
Braddock,Zach,braddza01,NL,24,2011,0.27,42,2,2,0,39,18,17,18,3.75,3,40,17,1,2,2,0,57,0
Loe,Kameron,loeka01,NL,30,2011,0.44,54,3,3,0,53,25,21,24,3.75,6,43,17,1,2,2,0,45,0
Belisario,Ronald,belisro01,NL,29,2011,0.54,60,3,2,1,54,27,25,25,3.75,6,48,22,4,3,3,0,61,0
Webb,Brandon,webbbr01,NL,32,2011,0.47,60,4,3,0,57,28,25,25,3.75,5,50,20,2,3,2,0,9,9
Haren,Danny,harenda01,AL,31,2011,0.84,200,12,10,0,194,87,82,85,3.76,24,176,44,3,5,9,1,30,30
Sanchez,Jonathan,sanchjo01,NL,29,2011,0.8,171,10,10,0,142,77,71,72,3.76,18,176,80,4,7,11,1,31,30
Lopez,Javier,lopezja02,NL,34,2011,0.49,55,3,3,0,54,24,22,24,3.76,4,40,22,2,2,2,0,71,0
Scherzer,Max,scherma01,AL,27,2011,0.79,173,10,10,0,159,81,72,73,3.77,18,162,60,1,8,6,0,30,28
Buchholz,Taylor,buchhta01,AL,30,2011,0.28,31,2,2,0,28,14,13,13,3.77,3,24,11,1,1,1,0,27,0
Ramirez,Ramon,ramirra03,NL,29,2011,0.16,31,2,2,0,29,15,13,13,3.77,3,25,11,1,1,1,0,16,2
Maine,Scott,mainesc01,NL,26,2011,0.13,31,2,2,0,29,14,13,13,3.77,3,26,11,1,1,1,0,31,0
Cordero,Francisco,cordefr01,NL,36,2011,0.61,68,4,5,28,65,30,27,30,3.77,5,58,30,2,2,2,0,70,0
Carrasco,D.J.,carradj01,NL,34,2011,0.63,74,3,2,0,71,35,31,31,3.77,5,58,28,3,3,3,0,51,0
Guzman,Angel,guzmaan01,NL,30,2011,0.33,31,2,2,0,28,14,13,13,3.77,3,26,11,1,1,1,0,28,0
Lewis,Jensen,lewisje01,AL,27,2011,0.54,50,3,3,2,45,23,21,21,3.78,5,41,20,2,2,1,0,41,0
Shell,Steven,shellst01,NL,28,2011,0.18,25,1,1,0,23,12,10,11,3.78,3,21,9,1,1,1,0,20,0
Affeldt,Jeremy,affelje01,NL,32,2011,0.57,56,3,3,1,54,24,22,25,3.78,5,50,23,3,2,3,0,61,0
Zambrano,Carlos,zambrca01,NL,30,2011,0.77,133,9,6,0,123,59,54,58,3.79,10,115,59,2,6,6,1,28,21
Crain,Jesse,crainje01,AL,30,2011,0.58,64,4,3,0,58,30,27,27,3.8,6,53,25,3,2,2,0,68,0
Lewis,Colby,lewisco01,AL,32,2011,0.69,161,9,10,0,146,75,69,67,3.8,17,145,54,1,5,7,0,26,26
Hughes,Philip,hugheph01,AL,25,2011,0.73,141,12,7,1,126,63,61,58,3.8,17,123,46,2,3,6,1,39,21
Meloan,Jonathan,meloajo01,AL,27,2011,0.07,26,1,1,0,24,12,11,11,3.81,3,21,9,1,1,1,0,20,0
Carlson,Jesse,carlsje01,AL,31,2011,0.47,39,2,2,1,36,18,17,16,3.81,4,29,13,2,2,1,0,45,0
Garza,Matt,garzama01,AL,28,2011,0.82,182,11,10,0,165,82,77,77,3.81,22,144,61,2,7,6,1,29,29
Uehara,Koji,ueharko01,AL,36,2011,0.5,59,2,3,6,58,27,25,25,3.81,6,50,15,1,1,1,0,34,5
Dessens,Elmer,desseel01,NL,40,2011,0.44,52,3,2,0,49,23,21,23,3.81,6,31,19,3,3,1,0,54,0
Peralta,Joel,peraljo01,NL,35,2011,0.48,52,2,2,0,47,24,22,22,3.81,6,45,17,3,2,1,0,44,0
Walden,Jordan,waldejo01,AL,24,2011,0.15,33,2,2,1,31,15,14,14,3.82,3,29,12,1,1,1,0,34,0
Kirkman,Michael,kirkmmi01,AL,25,2011,0.16,33,2,2,0,30,15,14,14,3.82,3,27,13,1,1,1,0,29,0
Burton,Jared,burtoja01,NL,30,2011,0.41,33,2,1,0,32,15,14,14,3.82,3,27,12,2,1,1,0,30,0
Sanchez,Anibal,sanchan01,NL,27,2011,0.75,166,10,11,0,161,77,69,72,3.82,13,139,64,5,6,5,0,28,28
Dempster,Ryan,dempsry01,NL,34,2011,0.82,188,12,9,0,177,89,77,83,3.83,20,170,69,4,7,7,0,30,30
Miller,Trever,milletr02,NL,38,2011,0.47,47,2,2,0,43,21,20,20,3.83,4,39,18,1,2,2,0,75,0
Cishek,Steve,cishest01,NL,25,2011,0.05,27,1,1,0,25,12,11,12,3.83,3,23,10,1,1,1,0,19,0
Ondrusek,Logan,ondrulo01,NL,26,2011,0.4,54,4,2,0,49,25,23,23,3.83,6,42,19,1,1,2,0,56,0
Outman,Josh,outmajo01,AL,27,2011,0.38,61,3,3,0,56,28,26,26,3.84,7,47,21,1,2,2,0,13,11
Rauch,Jon,rauchjo01,AL,33,2011,0.59,61,4,3,10,61,27,25,27,3.84,6,46,18,1,2,2,0,63,0
Medlen,Kris,medlekr01,NL,26,2011,0.63,96,5,4,0,93,44,41,41,3.84,10,83,28,2,3,3,1,35,10
Myers,Brett,myersbr01,NL,31,2011,0.79,176,10,8,0,172,79,72,78,3.84,21,142,56,4,4,3,0,29,26
Camp,Shawn,campsh01,AL,36,2011,0.61,69,3,4,1,68,30,28,31,3.85,7,48,22,3,3,2,0,61,0
Cortes,Dan,corteda02,AL,24,2011,0.06,28,2,2,0,26,13,12,12,3.86,3,22,10,1,1,2,0,21,0
Francisco,Frank,francfr01,AL,32,2011,0.55,56,4,4,8,52,25,24,24,3.86,6,55,20,2,1,2,0,58,0
White,Sean,whitese02,AL,30,2011,0.46,49,2,2,0,48,23,21,21,3.86,5,30,16,2,1,1,0,46,0
Runzler,Dan,runzlda01,NL,26,2011,0.3,42,3,2,0,39,18,17,19,3.86,4,40,18,2,2,2,0,53,0
McClendon,Mike,mcclemi01,NL,26,2011,0.19,35,2,2,0,32,16,15,15,3.86,4,31,13,1,1,1,0,29,0
Escalona,Edgmer,escaled01,NL,25,2011,0.06,28,1,1,0,26,13,12,12,3.86,3,23,11,1,1,1,0,23,0
Villar,Henry,villahe02,NL,24,2011,0.06,28,2,1,0,26,13,12,12,3.86,3,23,10,1,1,1,0,37,0
Acosta,Manny,acostma01,NL,30,2011,0.48,49,3,3,1,46,22,20,22,3.86,5,42,20,2,1,3,0,48,0
Wade,Cory,wadeco01,NL,28,2011,0.32,28,1,2,0,26,13,12,12,3.86,3,22,9,1,1,1,0,24,0
Eyre,Scott,eyresc01,NL,39,2011,0.24,28,2,1,0,27,13,11,13,3.86,3,23,11,1,1,1,0,40,0
Hellickson,Jeremy,hellije01,AL,24,2011,0.29,57,4,2,0,53,26,24,25,3.87,7,47,18,2,2,3,0,16,6
Coke,Phil,cokeph01,AL,29,2011,0.55,64,5,4,1,59,30,28,27,3.87,6,51,23,3,3,3,0,73,1
Nunez,Leo,nunezle01,NL,28,2011,0.59,64,4,4,18,60,29,27,28,3.87,7,59,22,3,2,2,1,67,0
Dickey,R.A.,dickera01,NL,37,2011,0.74,137,7,7,0,138,60,55,63,3.88,13,89,45,3,4,8,0,33,17
Romero,Ricky,romerri01,AL,27,2011,0.79,183,12,9,0,173,85,78,80,3.89,15,148,71,2,8,11,1,29,29
Schlichting,Travis,schlitr01,NL,27,2011,0.22,37,2,2,0,34,17,16,16,3.89,3,29,15,2,1,2,0,23,0
Melancon,Mark,melanma01,NL,26,2011,0.27,37,2,2,0,35,19,16,16,3.89,3,32,14,1,2,2,0,36,0
Volquez,Edinson,volqued01,NL,28,2011,0.64,96,7,4,0,85,44,41,42,3.89,9,95,45,2,5,5,1,17,17
Floyd,Gavin,floydga01,AL,28,2011,0.81,173,10,10,0,167,82,75,75,3.9,17,138,55,4,5,7,1,28,28
Johnson,Jim,johnsji04,AL,28,2011,0.52,45,2,3,3,45,20,19,20,3.9,4,33,15,1,2,2,0,41,0
Zavada,Clay,zavadcl01,NL,27,2011,0.28,30,2,2,0,28,14,13,13,3.9,3,27,12,1,1,1,0,29,0
Jeffress,Jeremy,jeffrje01,NL,24,2011,0.1,30,2,1,0,28,14,13,13,3.9,3,25,11,1,1,1,0,30,0
Beachy,Brandon,beachbr01,NL,25,2011,0.14,67,3,4,0,65,33,28,30,3.9,6,58,25,4,2,3,0,13,13
Troncoso,Ramon,troncra01,NL,28,2011,0.58,60,3,3,1,59,28,25,27,3.9,5,46,22,4,3,3,0,55,0
Badenhop,Burke,badenbu01,NL,28,2011,0.6,68,4,4,0,65,33,30,29,3.9,6,53,23,3,2,2,0,42,2
Belisle,Matt,belisma01,NL,31,2011,0.58,75,5,4,0,75,36,32,33,3.9,8,65,19,3,2,3,1,58,1
DiFelice,Mark,difelma01,NL,35,2011,0.31,30,2,1,0,29,14,13,13,3.9,3,26,10,2,1,1,0,33,0
Sipp,Tony,sippto01,AL,28,2011,0.5,61,3,2,0,52,28,26,27,3.91,8,58,29,2,2,3,0,68,0
Gonzalez,Gio,gonzagi01,AL,26,2011,0.76,168,11,9,0,154,78,73,73,3.91,16,150,76,2,4,4,1,30,28
Ray,Robert,rayro01,AL,27,2011,0.18,46,2,3,0,43,23,20,20,3.91,5,34,17,2,2,1,0,13,6
Beimel,Joe,beimejo01,NL,34,2011,0.52,53,2,3,0,54,23,21,25,3.91,5,36,19,3,1,2,1,77,0
Lopez,Wilton,lopezwi01,NL,28,2011,0.47,61,4,3,0,63,29,26,27,3.91,6,47,15,1,1,2,1,56,1
Threets,Erick,threeer01,AL,30,2011,0.15,31,2,2,0,30,14,13,14,3.92,3,23,11,1,1,1,0,27,0
Mujica,Edward,mujiced01,NL,27,2011,0.62,70,3,3,0,67,33,31,30,3.92,10,63,16,2,1,2,0,55,1
McDonald,James,mcdonja03,NL,27,2011,0.57,78,5,5,0,75,37,34,34,3.92,6,69,32,4,2,4,0,31,10
Coleman,Casey,colemca01,NL,24,2011,0.39,77,5,4,0,73,36,34,33,3.92,6,54,29,3,3,3,0,16,11
Feliciano,Pedro,felicpe01,NL,35,2011,0.57,62,4,5,0,62,28,25,29,3.92,5,55,25,4,3,2,0,93,0
Bray,Bill,braybi01,NL,28,2011,0.33,39,2,2,0,37,18,17,17,3.92,4,36,15,2,1,2,0,50,0
Young,Chris,youngch03,NL,32,2011,0.54,78,5,4,0,69,37,34,34,3.92,9,62,34,3,2,2,0,14,14
Zumaya,Joel,zumayjo01,AL,27,2011,0.43,47,3,3,1,45,22,20,21,3.93,4,40,19,2,1,2,0,41,0
Pineiro,Joel,pineijo01,AL,33,2011,0.79,157,10,8,0,164,74,69,68,3.93,14,91,34,3,4,4,0,24,24
Putz,J.J.,putzjj01,AL,34,2011,0.5,55,4,4,4,51,25,24,24,3.93,5,50,21,2,2,3,0,59,0
Takahashi,Hisanori,takahhi01,NL,36,2011,0.58,94,7,5,4,92,43,40,42,3.93,10,82,34,5,1,2,1,41,9
Wells,Randy,wellsra01,NL,29,2011,0.78,173,9,11,0,177,80,73,78,3.93,16,127,55,5,6,3,0,29,28
Manuel,Robert,manuero01,AL,28,2011,0.15,32,2,1,0,30,15,14,14,3.94,4,23,12,1,1,1,0,24,0
Reyes,Dennys,reyesde01,NL,34,2011,0.48,48,2,2,1,45,21,20,22,3.94,4,38,21,2,2,4,0,80,0
Salas,Fernando,salasfe01,NL,26,2011,0.26,40,2,2,0,38,19,17,18,3.94,4,35,16,2,1,2,0,36,0
Jenks,Bobby,jenksbo01,AL,30,2011,0.55,57,3,3,21,55,27,25,25,3.95,6,50,19,1,2,2,0,57,0
Kennedy,Ian,kenneia01,NL,27,2011,0.7,156,7,9,0,138,74,69,68,3.95,19,134,59,3,7,11,0,27,26
Casilla,Santiago,garcija01,NL,31,2011,0.54,57,4,3,1,55,26,23,27,3.95,5,50,24,3,3,6,0,55,0
Ryu,Jae Kuk,ryuja01,AL,28,2011,0,25,1,1,0,24,12,11,11,3.96,3,19,9,1,1,1,0,19,0
Sanchez,Humberto,sanchhu01,AL,28,2011,0.01,25,1,1,0,24,12,11,11,3.96,3,19,9,1,1,1,0,25,0
Capps,Matt,cappsma01,AL,28,2011,0.59,67,4,4,26,70,31,28,31,3.96,7,52,19,2,2,1,0,68,0
Hunter,Tommy,hunteto02,AL,25,2011,0.7,134,11,6,0,130,62,59,59,3.96,17,84,39,2,3,4,0,24,23
Birkins,Kurt,birkiku01,AL,31,2011,0.04,25,1,1,0,24,12,11,11,3.96,3,19,9,1,1,1,0,15,0
German,Franklyn,germafr01,AL,31,2011,0.08,25,1,2,0,24,12,11,11,3.96,3,19,9,1,1,1,0,20,0
Ridgway,Jeff,ridgwje01,NL,31,2011,0.03,25,1,1,0,24,12,11,11,3.96,3,20,9,1,1,1,0,26,0
Byrdak,Tim,byrdati01,NL,38,2011,0.52,50,2,2,0,46,22,21,23,3.96,6,42,23,1,2,2,0,69,0
Stockman,Phil,stockph01,NL,31,2011,0.03,25,1,1,0,24,12,11,11,3.96,3,21,9,1,1,1,0,20,0
Beam,T.J.,beamtj01,NL,31,2011,0.15,25,1,1,0,24,12,11,11,3.96,3,19,9,1,1,1,0,18,0
Delgado,Jesus,delgaje01,NL,27,2011,0.01,25,1,1,0,24,12,11,11,3.96,3,21,9,1,1,1,0,25,0
Hampson,Justin,hampsju01,NL,31,2011,0.1,25,1,1,0,25,12,11,11,3.96,2,20,9,1,1,1,0,29,0
Kunz,Eddie,kunzed01,NL,25,2011,0.01,25,1,1,0,24,12,11,11,3.96,3,21,9,1,1,1,0,38,0
Washburn,Jarrod,washbja01,AL,37,2011,0.65,77,4,5,0,75,36,34,34,3.97,9,48,24,1,3,1,0,13,12
Santos,Sergio,santose01,AL,28,2011,0.37,51,3,2,1,50,22,21,24,3.97,4,45,21,2,2,4,0,55,0
Vargas,Jason,vargaja01,AL,28,2011,0.74,161,8,10,0,158,76,72,70,3.97,18,104,47,3,3,2,2,29,26
Choate,Randy,choatra01,AL,36,2011,0.44,51,3,3,1,48,25,23,22,3.97,5,40,18,3,2,2,0,93,0
Russell,Adam,russead01,NL,28,2011,0.27,34,2,2,0,33,17,15,15,3.97,3,31,13,1,1,1,0,31,0
Cueto,Johnny,cuetojo01,NL,25,2011,0.8,170,11,9,0,163,79,74,76,3.97,19,139,55,3,10,5,1,29,29
Mota,Guillermo,motagu01,NL,38,2011,0.57,59,3,4,0,55,29,26,26,3.97,6,43,23,4,2,3,0,58,0
Dolsi,Freddy,dolsifr01,AL,28,2011,0.21,26,1,2,0,26,13,11,12,3.98,2,19,10,1,1,1,0,20,0
Poreda,Aaron,poredaa01,NL,25,2011,0.09,26,2,1,0,25,12,11,12,3.98,2,22,11,1,1,1,0,28,0
Luebke,Cory,luebkco01,NL,26,2011,0.17,60,3,3,0,58,28,26,27,3.98,7,52,21,2,2,2,0,14,10
Herrera,Danny,herreda01,NL,27,2011,0.43,43,2,3,0,44,20,18,20,3.98,4,33,15,1,1,1,0,54,0
Speier,Ryan,speiery01,NL,32,2011,0.19,26,1,1,0,25,12,12,11,3.98,2,20,10,1,1,1,0,22,0
Farnsworth,Kyle,farnsky01,NL,35,2011,0.55,61,3,4,0,60,29,26,28,3.98,6,57,21,2,3,3,0,60,0
Wolf,Randy,wolfra02,NL,35,2011,0.83,189,11,10,0,181,88,82,85,3.98,22,139,67,4,7,3,0,30,30
Escalona,Sergio,escalse01,NL,27,2011,0.09,26,2,1,0,25,13,12,11,3.98,2,22,10,1,1,1,0,27,0
Campillo,Jorge,campijo01,NL,33,2011,0.39,43,2,2,0,43,21,19,19,3.98,4,33,14,1,1,1,0,13,6
Hinckley,Mike,hinckmi01,NL,29,2011,0.11,26,1,1,0,25,12,11,12,3.98,3,20,11,1,1,1,0,33,0
Cassevah,Bobby,cassebo01,AL,26,2011,0.18,35,2,2,0,35,17,15,16,3.99,3,25,13,1,1,2,0,28,0
Wood,Kerry,woodke02,AL,34,2011,0.54,53,3,3,12,48,24,23,24,3.99,5,50,24,2,3,3,0,55,0
Resop,Chris,resopch01,NL,29,2011,0.23,35,2,2,0,33,17,16,15,3.99,3,32,15,1,1,1,0,37,0
Infante,Gregory,infangr01,AL,24,2011,0.05,27,2,1,0,25,13,12,12,4,3,22,10,1,1,1,0,29,0
McGee,Jake,mcgeeja01,AL,25,2011,0.05,27,1,1,0,26,13,12,12,4,3,22,10,1,1,1,0,44,0
Sanchez,Romulo,sanchro01,AL,27,2011,0.09,27,1,1,0,26,13,12,12,4,3,21,10,1,1,1,0,17,0
Cameron,Kevin,camerke01,AL,32,2011,0.15,27,1,1,0,26,13,12,12,4,3,20,10,1,1,1,0,18,0
Jimenez,Cesar,jimence01,AL,27,2011,0.11,27,1,2,0,26,13,12,12,4,3,21,10,1,1,1,0,25,2
Pelfrey,Mike,pelfrmi01,NL,27,2011,0.82,180,12,9,0,187,85,79,81,4,13,113,60,5,7,2,2,30,29
Rosa,Carlos,rosaca01,NL,27,2011,0.24,36,2,2,0,35,17,16,16,4,3,27,14,2,1,1,0,35,0
Stoner,Tobi,stoneto01,NL,27,2011,0.09,27,1,2,0,26,13,12,12,4,3,21,10,1,1,1,0,12,0
Veras,Jose,verasjo01,NL,31,2011,0.53,54,3,3,0,47,26,24,24,4,6,51,26,2,3,2,0,53,0
Dotel,Octavio,doteloc01,NL,38,2011,0.59,63,3,4,8,57,30,27,29,4,8,67,29,3,2,4,0,66,0
Romero,J.C.,romerjc01,NL,35,2011,0.43,45,2,2,1,41,20,19,21,4,4,36,24,3,3,1,1,67,0
Arroyo,Bronson,arroybr01,NL,34,2011,0.83,190,13,10,0,182,90,84,85,4,25,122,58,5,6,3,1,29,29
Davis,Wade,daviswa01,AL,26,2011,0.68,148,10,8,0,141,69,65,67,4.01,18,109,53,2,4,4,0,25,25
Thompson,Rich,thompri03,AL,27,2011,0.27,37,2,1,0,35,17,16,17,4.01,5,29,12,1,1,3,0,25,0
Slaten,Doug,slatedo01,NL,31,2011,0.39,46,3,2,0,44,23,20,21,4.01,4,38,18,2,3,2,0,59,0
Smith,Jordan,smithjo06,NL,25,2011,0.32,46,3,2,1,45,21,20,21,4.01,6,36,15,1,2,1,0,41,0
Walker,Tyler,walkety01,NL,35,2011,0.46,46,2,2,0,45,22,20,21,4.01,5,38,15,2,2,2,0,40,0
Chamberlain,Joba,chambjo03,AL,26,2011,0.7,85,4,4,1,82,42,38,38,4.02,8,79,32,2,4,3,1,44,10
Takahashi,Ken,takahke01,NL,42,2011,0.17,28,1,2,0,27,13,12,13,4.02,3,22,11,1,1,1,0,28,0
Ohman,Will,ohmanwi01,NL,34,2011,0.44,47,2,2,0,46,23,20,22,4.02,5,42,21,3,1,2,0,74,0
Garland,Jon,garlajo01,NL,32,2011,0.82,180,11,11,0,181,87,77,84,4.02,19,116,66,7,6,5,0,29,29
Coffey,Todd,coffeto01,NL,31,2011,0.59,65,3,4,0,64,32,28,30,4.02,7,53,21,3,3,3,0,66,0
Hanrahan,Joel,hanrajo01,NL,30,2011,0.61,66,3,3,4,63,32,29,30,4.02,6,74,27,2,3,5,0,66,0
Arredondo,Jose,arredjo01,AL,27,2011,0.36,29,2,2,0,27,14,13,13,4.03,3,25,11,1,1,1,0,27,0
Gervacio,Samuel,gervasa01,NL,26,2011,0.17,29,2,2,0,27,14,13,13,4.03,3,26,11,1,1,1,0,42,0
English,Jesse,englije01,NL,27,2011,0.07,29,2,1,0,29,14,13,13,4.03,3,23,10,1,1,1,0,29,0
Caridad,Esmailin,carides01,NL,28,2011,0.16,29,2,2,0,28,14,13,13,4.03,3,24,11,1,1,1,0,30,0
Condrey,Clay,condrcl01,NL,36,2011,0.36,29,2,2,0,30,13,12,14,4.03,3,21,10,2,1,1,0,28,0
Morrow,Brandon,morrobr01,AL,27,2011,0.71,126,7,7,4,114,62,58,55,4.04,12,131,56,1,5,6,0,34,20
Drabek,Kyle,drabeky01,AL,24,2011,0.16,69,3,5,0,67,33,31,31,4.04,7,53,23,1,2,4,0,12,12
Maloney,Matt,malonma02,NL,27,2011,0.35,59,4,4,0,58,28,26,27,4.04,7,46,18,2,3,1,0,14,8
Pinto,Renyel,pintore01,NL,29,2011,0.47,39,2,2,0,36,18,16,19,4.04,4,35,19,1,2,3,0,45,0
Mussina,Mike,mussimi01,AL,43,2011,0.43,60,4,3,0,63,29,26,28,4.05,6,44,17,1,2,2,0,10,10
McCarthy,Brandon,mccarbr01,AL,28,2011,0.45,70,4,3,0,67,35,32,31,4.05,8,50,25,1,2,1,0,13,13
Fister,Doug,fistedo01,AL,27,2011,0.7,151,7,11,0,156,73,68,68,4.05,15,94,37,2,5,6,2,25,25
Lowe,Mark,lowema01,AL,28,2011,0.5,40,2,3,1,39,20,18,18,4.05,4,33,15,1,1,2,0,37,0
Robertson,David,roberda08,AL,26,2011,0.53,60,4,3,1,56,27,26,28,4.05,6,62,26,3,2,5,1,61,0
Taubenheim,Ty,taubety01,NL,29,2011,0.02,60,3,3,0,59,29,27,27,4.05,6,49,22,2,2,2,0,10,10
Richard,Clayton,richacl01,NL,28,2011,0.78,171,11,8,0,171,81,75,79,4.05,15,133,67,4,4,5,2,33,28
Del Rosario,Enerio,delroen01,NL,26,2011,0.1,30,2,2,0,31,15,13,14,4.05,3,24,11,1,1,1,0,33,0
Vargas,Claudio,vargacl01,NL,33,2011,0.4,40,2,2,0,39,19,18,18,4.05,4,32,15,1,1,2,0,30,1
Enright,Barry,enrigba01,NL,25,2011,0.53,109,7,7,0,105,49,47,51,4.05,17,73,35,2,2,2,0,19,19
Thompson,Daryl,thompda02,NL,26,2011,0.05,60,3,4,0,59,30,27,27,4.05,6,49,22,2,2,2,0,13,13
Arias,Alberto,ariasal02,NL,28,2011,0.3,30,2,1,0,30,14,13,14,4.05,2,25,11,1,2,2,0,27,1
Burke,Greg,burkegr01,NL,29,2011,0.26,30,2,2,0,30,15,13,14,4.05,3,24,12,2,1,1,0,31,0
Niemann,Jeff,niemaje01,AL,28,2011,0.77,163,11,7,0,155,77,74,73,4.06,19,121,56,4,7,5,0,28,27
Matusz,Brian,matusbr01,AL,24,2011,0.7,152,10,9,0,148,74,70,67,4.06,16,126,52,3,5,2,0,28,28
Wolf,Ross,wolfro01,AL,29,2011,0.12,31,2,2,0,31,15,14,14,4.06,3,24,12,1,1,1,0,27,0
Pettitte,Andy,pettian01,AL,39,2011,0.79,144,10,6,0,146,69,63,67,4.06,15,108,50,3,4,3,0,24,24
Nova,Ivan,novaiv01,AL,24,2011,0.32,71,3,4,0,69,35,32,32,4.06,7,52,26,2,2,3,0,17,12
Martinez,Cristhian,marticr01,NL,29,2011,0.33,41,2,2,0,41,21,19,18,4.06,4,33,13,1,1,2,0,26,0
Bastardo,Antonio,bastaan01,NL,26,2011,0.28,41,3,2,0,40,21,19,18,4.06,4,38,15,1,2,1,0,34,4
Stetter,Mitch,stettmi01,NL,30,2011,0.32,31,2,1,0,29,15,14,14,4.06,3,28,14,2,2,1,0,49,0
Liriano,Francisco,liriafr01,AL,28,2011,0.78,167,10,10,0,163,81,77,74,4.07,14,158,60,1,7,7,1,30,28
Buehrle,Mark,buehrma01,AL,32,2011,0.83,187,11,11,0,202,89,83,86,4.07,18,102,46,2,3,3,2,29,29
Blevins,Jerry,blevije01,AL,28,2011,0.46,52,2,2,0,51,24,23,24,4.07,6,44,18,1,2,1,0,60,0
Sadowski,Ryan,sadowry01,NL,29,2011,0.18,63,4,4,0,61,31,28,29,4.07,6,49,25,2,2,3,0,13,13
Daley,Matt,daleyma01,NL,29,2011,0.39,42,2,2,0,41,20,19,19,4.07,4,37,15,1,2,1,0,48,0
Cormier,Lance,cormila01,AL,31,2011,0.61,64,3,3,1,65,29,27,31,4.08,6,39,26,2,1,2,1,51,0
Sweeney,Brian,sweenbr01,AL,37,2011,0.29,43,2,2,0,43,21,19,20,4.08,5,27,13,1,1,2,0,28,0
Okajima,Hideki,okajihi01,AL,36,2011,0.55,54,4,3,0,56,25,23,26,4.08,6,42,20,3,1,2,0,62,0
Hoffman,Trevor,hoffmtr01,NL,44,2011,0.53,54,3,5,16,52,26,25,24,4.08,6,42,19,2,1,2,0,56,0
Miller,Justin,milleju01,NL,34,2011,0.47,43,2,2,0,40,20,19,20,4.08,5,36,17,2,2,2,1,35,0
Sheets,Ben,sheetbe01,AL,33,2011,0.68,120,6,7,0,119,58,54,55,4.09,15,88,39,2,2,4,0,20,20
Cruz,Juan,cruzju02,AL,33,2011,0.39,33,2,2,0,31,17,15,15,4.09,3,27,15,1,1,2,0,32,0
Jackson,Edwin,jacksed01,AL,28,2011,0.82,186,11,10,0,182,89,84,85,4.09,20,143,66,3,5,10,0,29,29
Santana,Ervin,santaer01,AL,28,2011,0.81,185,13,9,0,183,88,82,86,4.09,23,148,58,3,9,7,1,28,28
Bulger,Jason,bulgeja01,AL,33,2011,0.45,44,2,2,0,40,21,20,20,4.09,5,38,19,1,2,2,0,43,0
Guthrie,Jeremy,guthrje01,AL,32,2011,0.82,185,10,13,0,181,89,84,84,4.09,24,111,52,2,10,2,1,29,29
Durbin,Chad,durbich01,NL,34,2011,0.62,66,3,3,1,62,31,29,31,4.09,7,56,29,2,4,2,0,58,0
Hirsh,Jason,hirshja01,NL,29,2011,0.03,34,2,2,0,34,17,15,16,4.1,4,28,12,1,1,1,0,16,4
Parr,James,parrja01,NL,25,2011,0.16,35,2,2,0,34,17,16,16,4.11,4,29,12,1,1,1,0,14,3
Figueroa,Nelson,figuene01,NL,37,2011,0.64,93,6,6,0,94,44,40,45,4.11,10,75,35,4,5,4,0,28,12
Delcarmen,Manny,delcama01,NL,29,2011,0.57,57,3,3,0,53,28,26,26,4.11,6,48,27,3,2,1,0,60,0
Berg,Justin,bergju01,NL,27,2011,0.35,46,2,2,0,46,24,21,21,4.11,4,31,18,1,2,2,0,47,0
Davis,Jason,davisja02,NL,31,2011,0.11,35,2,2,0,35,18,16,16,4.11,3,27,13,1,1,2,0,14,4
Murray,A.J.,murraaj01,AL,29,2011,0.03,60,4,3,0,60,30,27,28,4.12,6,45,22,1,2,2,0,16,16
McGowan,Dustin,mcgowdu01,AL,29,2011,0.29,60,3,3,0,59,30,28,27,4.12,6,46,21,1,2,2,0,10,10
Baker,Scott,bakersc02,AL,30,2011,0.8,165,11,8,0,165,78,76,75,4.12,21,136,44,1,5,5,0,28,28
Germano,Justin,germaju01,AL,29,2011,0.36,47,2,3,0,45,23,21,22,4.12,6,34,15,1,3,2,0,25,3
Cramer,Bobby,cramebo01,AL,32,2011,0.21,72,4,4,0,70,34,32,34,4.12,10,51,25,1,2,2,0,12,12
Jepsen,Kevin,jepseke01,AL,27,2011,0.52,60,4,4,0,59,29,28,27,4.12,4,53,24,3,2,5,0,65,0
Schlereth,Daniel,schleda01,AL,25,2011,0.26,36,2,2,0,35,18,16,17,4.12,4,31,15,1,1,2,0,37,0
Logan,Boone,loganbo02,AL,27,2011,0.42,47,3,2,0,46,22,21,22,4.12,5,39,19,2,2,1,0,59,0
Hurley,Eric,hurleer01,AL,26,2011,0.08,60,3,3,0,58,30,28,27,4.12,7,45,21,1,2,2,0,12,12
Lewis,Scott,lewissc02,AL,28,2011,0.11,60,4,3,0,59,30,27,28,4.12,7,45,21,1,2,2,0,11,11
Mejia,Jenrry,mejiaje01,NL,22,2011,0.3,48,2,3,0,48,23,21,23,4.12,4,37,19,2,2,4,0,40,4
Baek,Cha Seung,baekch01,NL,31,2011,0.35,48,2,3,0,48,24,22,22,4.12,5,37,17,1,1,2,0,11,7
Gregg,Kevin,greggke01,AL,33,2011,0.59,61,4,5,22,56,29,28,28,4.13,7,53,26,1,2,4,0,65,0
Rodriguez,Fernando,rodrife02,AL,27,2011,0,25,1,1,0,24,13,12,11,4.14,3,19,9,1,1,1,0,38,0
Miller,Jim,milleji02,AL,29,2011,0.03,25,1,2,0,25,12,11,12,4.14,3,19,9,1,1,1,0,26,0
Serrano,Alex,serraal01,AL,30,2011,0,25,1,1,0,25,12,11,12,4.14,3,19,9,1,1,1,0,25,0
Rundles,Rich,rundlri01,AL,30,2011,0.03,25,1,1,0,25,12,11,12,4.14,3,19,9,1,1,1,0,36,0
Whisler,Wes,whislwe01,AL,28,2011,0.01,25,1,1,0,24,13,12,11,4.14,3,19,9,1,1,1,0,56,0
Lackey,John,lackejo01,AL,33,2011,0.81,185,12,9,0,191,91,84,86,4.14,18,138,58,2,8,4,0,28,28
Palmer,Matt,palmema01,AL,32,2011,0.57,63,4,3,0,61,31,29,29,4.14,6,39,28,1,2,2,0,22,6
Patton,Troy,pattotr01,AL,26,2011,0.01,25,1,1,0,25,12,11,12,4.14,3,20,9,1,1,1,0,38,0
Fox,Matt,foxma01,AL,29,2011,0.08,37,2,2,0,37,19,17,17,4.14,4,26,13,1,1,2,0,20,5
Brown,Andrew,brownan01,AL,30,2011,0.12,25,1,1,0,24,12,11,12,4.14,3,19,10,1,1,1,0,22,0
Hernandez,Fernando,hernafe03,AL,27,2011,0.01,25,2,1,0,24,13,12,11,4.14,3,19,9,1,1,1,0,25,0
Mulder,Mark,muldema01,NL,34,2011,0.01,37,2,2,0,37,18,17,17,4.14,4,30,14,1,1,1,0,66,22
Muniz,Carlos,munizca01,NL,30,2011,0.08,25,1,1,0,25,12,11,12,4.14,3,20,9,1,1,1,0,19,0
Sadler,Billy,sadlebi01,NL,30,2011,0.15,25,1,1,0,24,12,11,12,4.14,3,21,10,1,1,1,0,19,0
Robertson,Connor,roberco01,NL,30,2011,0.03,25,1,1,0,25,12,11,12,4.14,3,20,9,1,1,1,0,21,0
Schroder,Chris,schroch01,NL,33,2011,0.02,25,1,1,0,25,12,11,12,4.14,3,20,10,1,1,1,0,20,0
Seanez,Rudy,seaneru01,NL,43,2011,0.14,25,2,2,0,25,13,11,12,4.14,2,19,10,1,1,1,0,24,0
Peguero,Jailen,pegueja01,NL,30,2011,0.03,25,1,1,0,25,12,11,12,4.14,3,20,9,1,1,1,0,19,0
Patterson,Scott,pattesc01,NL,32,2011,0.02,25,1,1,0,24,12,11,12,4.14,3,21,10,1,1,1,0,21,0
Pignatiello,Carmen,pignaca01,NL,29,2011,0,25,1,1,0,25,12,11,12,4.14,3,20,9,1,1,1,0,75,0
Ohlendorf,Ross,ohlenro01,NL,29,2011,0.74,126,5,9,0,124,62,57,59,4.14,15,92,45,2,5,5,1,26,21
Sturtze,Tanyon,sturtta01,NL,41,2011,0.01,25,1,1,0,25,13,11,12,4.14,3,20,10,1,1,1,0,32,0
Green,Sean,greense01,NL,32,2011,0.48,37,1,2,0,35,19,17,17,4.14,3,31,16,2,3,2,0,39,0
MacLane,Evan,maclaev01,NL,29,2011,0.01,25,1,2,0,25,13,11,12,4.14,3,21,10,1,1,1,0,51,0
Sherrill,George,sherrge01,NL,34,2011,0.53,50,2,3,8,49,23,22,24,4.14,5,42,22,4,2,1,0,66,0
Waddell,Jason,waddeja01,NL,30,2011,0.01,25,1,1,0,25,12,11,12,4.14,3,21,9,1,1,1,0,46,0
Torres,Salomon,torresa01,NL,39,2011,0.23,25,2,1,3,25,12,11,12,4.14,2,19,10,1,1,1,0,22,0
Worrell,Mark,worrema01,NL,28,2011,0.02,25,1,1,0,25,12,11,12,4.14,3,21,9,1,1,1,0,18,0
Yabu,Keiichi,yabuke01,NL,43,2011,0.2,25,1,2,0,25,13,11,12,4.14,2,19,10,1,1,1,0,22,0
Villarreal,Oscar,villaos01,NL,30,2011,0.12,25,1,1,0,25,13,11,12,4.14,3,20,9,1,1,1,0,23,0
Valdez,Luis,valdelu01,NL,27,2011,0.02,25,1,2,0,25,12,11,12,4.14,3,21,9,1,1,1,0,28,0
Brazoban,Yhency,brazoyh01,NL,31,2011,0.01,25,1,1,0,25,12,11,12,4.14,3,20,9,1,1,1,0,17,0
Adkins,Jon,adkinjo01,NL,34,2011,0.01,25,1,1,0,25,12,11,12,4.14,3,20,9,1,1,1,0,27,0
Armas,Tony,armasto02,NL,33,2011,0.03,37,2,2,0,37,18,17,17,4.14,4,30,13,1,1,1,0,13,4
Espineli,Geno,espinge01,NL,29,2011,0.06,25,1,1,0,25,12,11,12,4.14,3,20,9,1,1,1,0,23,0
Capellan,Jose,capeljo01,NL,30,2011,0.01,25,1,1,0,25,12,11,12,4.14,3,21,9,1,1,1,0,12,0
Bueno,Francisley,buenofr01,NL,30,2011,0.01,25,1,1,0,25,12,11,12,4.14,3,20,9,1,1,1,0,11,0
Cassel,Jack,casseja01,NL,31,2011,0.1,37,2,2,0,37,19,17,17,4.14,4,29,13,1,1,1,0,11,4
Hacker,Eric,hackeer01,NL,28,2011,0.02,25,1,1,0,25,12,11,12,4.14,3,21,9,1,1,1,0,25,0
Guevara,Carlos,guevaca01,NL,29,2011,0.04,25,1,1,0,25,12,11,12,4.14,3,21,10,1,1,1,0,20,0
Martinez,Carlos,martica03,NL,29,2011,0.02,25,1,1,0,25,12,11,12,4.14,3,21,10,1,1,1,0,22,0
Murphy,Bill,murphbi02,AL,30,2011,0.08,26,1,1,0,24,13,12,12,4.15,3,19,10,1,1,1,0,18,0
Nunez,Jhonny,nunezjh01,AL,26,2011,0.04,26,1,1,0,26,13,12,12,4.15,3,20,9,1,1,1,0,32,0
Messenger,Randy,messera01,AL,30,2011,0.11,26,1,1,0,26,13,12,12,4.15,3,19,9,1,1,1,0,29,0
Waechter,Doug,waechdo01,AL,30,2011,0.22,26,1,1,0,26,13,12,12,4.15,3,19,9,1,1,1,0,20,0
Towers,Josh,towerjo01,AL,34,2011,0.04,26,1,1,0,26,13,12,12,4.15,3,19,9,1,1,1,0,10,0
Rodriguez,Henry,rodrihe03,AL,24,2011,0.25,39,2,2,0,37,20,18,18,4.15,4,35,15,1,2,4,0,40,0
Bradford,Chad,bradfch01,AL,37,2011,0.23,26,2,1,0,28,12,11,13,4.15,3,17,9,1,1,1,0,35,0
Segovia,Zack,segovza01,NL,28,2011,0.07,26,2,1,0,25,13,12,12,4.15,3,21,10,1,1,1,0,20,0
Hawkins,LaTroy,hawkila01,NL,39,2011,0.47,39,2,3,2,40,19,17,19,4.15,4,32,14,2,2,2,0,40,0
Marinez,Jhan,marinjh01,NL,23,2011,0.03,26,2,2,0,25,13,12,12,4.15,3,23,10,1,1,1,0,40,0
Sinkbeil,Brett,sinkbbr01,NL,27,2011,0.02,26,1,1,0,25,13,12,12,4.15,3,21,11,1,1,1,0,39,0
Houser,James,houseja01,NL,27,2011,0.01,26,1,1,0,25,13,12,12,4.15,3,21,9,1,1,1,0,19,0
Hansen,Craig,hansecr01,NL,28,2011,0.18,26,1,2,0,24,14,12,12,4.15,3,21,12,1,1,1,0,25,0
Matos,Osiris,matosos01,NL,27,2011,0.11,26,1,1,0,26,14,12,12,4.15,3,21,9,1,1,1,0,24,0
Hinshaw,Alex,hinshal01,NL,29,2011,0.16,26,1,1,0,25,13,12,12,4.15,3,22,11,1,1,1,0,33,0
Miner,Zach,minerza01,AL,29,2011,0.53,40,3,2,0,40,19,18,19,4.16,4,27,16,1,1,1,0,19,3
Porcello,Rick,porceri01,AL,23,2011,0.76,158,11,10,0,162,79,73,73,4.16,17,95,43,2,5,8,2,27,27
Parnell,Bobby,parnebo01,NL,27,2011,0.52,53,2,3,0,56,27,24,25,4.16,4,46,20,2,2,2,0,49,3
Westbrook,Jake,westbja01,NL,34,2011,0.71,161,8,9,0,162,79,74,75,4.16,16,112,56,4,6,7,0,26,26
Nolasco,Ricky,nolasri01,NL,29,2011,0.8,157,12,8,0,158,80,75,70,4.16,20,150,38,4,3,4,1,26,26
Reineke,Chad,reinech01,AL,29,2011,0.1,55,3,3,0,54,28,26,25,4.17,6,40,20,1,2,2,0,12,10
Laffey,Aaron,laffeaa01,AL,26,2011,0.65,81,4,5,0,84,41,37,38,4.17,6,48,33,1,3,2,0,24,11
Moscoso,Guillermo,moscogu01,AL,28,2011,0.1,27,1,1,0,27,13,12,13,4.17,3,21,10,1,1,1,0,20,0
Pestano,Vinnie,pestavi01,AL,26,2011,0.05,27,1,1,1,26,13,12,13,4.17,3,22,11,1,1,1,0,27,0
Hughes,Dusty,hughedu01,AL,29,2011,0.42,55,2,3,0,55,28,25,26,4.17,5,40,22,1,3,2,0,52,1
Corcoran,Roy,corcoro01,AL,31,2011,0.29,27,2,1,0,27,13,12,13,4.17,2,18,12,1,1,1,0,20,0
Eyre,Willie,eyrewi01,AL,33,2011,0.12,27,1,1,0,27,13,12,13,4.17,3,19,10,1,1,1,0,25,0
Boggs,Mitchell,boggsmi01,NL,27,2011,0.57,68,3,3,0,68,33,30,33,4.17,6,54,29,2,3,4,0,43,5
Lannan,John,lannajo01,NL,27,2011,0.79,152,8,9,0,160,76,68,73,4.17,15,88,52,3,5,3,0,26,26
Jones,Hunter,joneshu01,NL,27,2011,0.1,27,1,1,0,26,14,13,12,4.17,3,23,10,1,1,1,0,28,0
de la Rosa,Jorge,delarjo01,NL,30,2011,0.76,138,10,8,0,127,70,65,63,4.17,15,133,58,4,6,9,1,25,23
Zito,Barry,zitoba01,NL,33,2011,0.81,178,9,13,0,170,89,83,82,4.17,18,138,76,7,6,5,1,31,30
Ascanio,Jose,ascanjo01,NL,26,2011,0.14,27,1,2,0,27,13,12,13,4.17,3,23,10,1,1,1,0,24,0
Brocail,Doug,brocado01,NL,44,2011,0.28,27,2,2,0,27,13,12,13,4.17,3,21,11,1,1,1,0,29,0
Martis,Shairon,martish01,NL,24,2011,0.42,68,4,3,0,63,35,33,30,4.17,8,48,26,2,2,3,0,12,12
Shouse,Brian,shousbr01,AL,43,2011,0.29,28,2,1,0,28,14,13,13,4.18,3,19,9,1,1,1,0,41,0
Coello,Robert,coellro01,AL,27,2011,0.06,28,2,1,0,27,14,13,13,4.18,3,22,11,1,1,1,0,30,0
Kelley,Shawn,kellesh01,AL,27,2011,0.39,42,3,2,0,41,20,19,20,4.18,6,35,14,1,2,1,0,37,0
Mickolio,Kameron,mickoka01,AL,27,2011,0.15,28,1,2,0,27,14,13,13,4.18,3,23,11,1,1,1,0,25,0
Tomlin,Josh,tomlijo01,AL,27,2011,0.45,97,7,5,0,94,48,46,44,4.18,12,67,30,3,4,3,0,16,16
Zimmermann,Jordan,zimmejo02,NL,25,2011,0.51,85,4,5,0,83,44,40,39,4.18,11,79,28,2,4,2,0,16,16
Joaquin,Waldis,joaquwa01,NL,25,2011,0.12,28,1,1,0,27,14,13,13,4.18,3,24,12,1,1,2,0,26,0
Capuano,Chris,capuach01,NL,33,2011,0.43,71,4,4,0,71,34,32,34,4.18,8,58,25,2,2,4,0,26,10
Sarfate,Dennis,sarfade01,AL,30,2011,0.32,29,1,1,0,27,15,14,13,4.19,3,24,13,1,1,1,0,22,1
Neshek,Pat,neshepa01,AL,31,2011,0.13,29,1,2,0,28,15,14,13,4.19,3,23,12,1,1,1,0,35,0
Vazquez,Javier,vazquja01,AL,35,2011,0.81,158,10,9,0,151,78,75,72,4.19,22,138,50,2,5,5,0,27,25
Lowe,Derek,lowede01,NL,38,2011,0.82,176,13,10,0,190,86,80,84,4.19,16,120,55,7,4,4,2,30,30
Link,Jon,linkjo01,NL,27,2011,0.09,29,2,1,0,29,15,13,14,4.19,3,23,11,1,1,1,0,30,0
Ceda,Jose,cedajo01,NL,24,2011,0.09,29,2,1,0,28,14,13,14,4.19,3,25,13,1,1,1,0,27,0
Zagurski,Mike,zagurmi01,NL,28,2011,0.07,29,1,1,0,28,15,14,13,4.19,3,25,11,1,2,1,0,33,0
Kintzler,Brandon,kintzbr01,NL,27,2011,0.08,29,1,2,0,29,15,13,14,4.19,3,25,11,1,1,1,0,27,0
Boyer,Blaine,boyerbl01,NL,30,2011,0.57,59,2,3,0,59,33,28,27,4.19,5,41,24,1,2,2,0,56,0
Knight,Brandon,knighbr01,NL,36,2011,0.04,43,2,2,0,43,21,20,20,4.19,4,34,16,1,2,1,0,14,7
Seay,Bobby,seaybo01,AL,33,2011,0.37,30,2,2,0,30,15,14,14,4.2,3,24,11,1,1,1,0,38,0
Rapada,Clay,rapadcl01,AL,30,2011,0.17,30,2,1,0,29,15,14,14,4.2,3,22,13,1,1,1,0,38,0
Cordero,Chad,cordech01,AL,29,2011,0.11,30,2,2,0,30,15,14,14,4.2,3,23,11,1,1,1,0,30,0
Duckworth,Brandon,duckwbr01,AL,35,2011,0.12,60,3,4,0,60,30,28,28,4.2,6,43,23,1,2,2,0,11,11
Escobar,Kelvim,escobke01,AL,35,2011,0.04,61,3,4,0,60,30,28,29,4.2,7,46,23,1,3,2,0,12,12
Grilli,Jason,grillja01,AL,35,2011,0.38,30,1,2,0,30,15,14,14,4.2,3,25,13,1,1,1,0,29,0
Hayhurst,Dirk,hayhudi01,AL,30,2011,0.19,30,1,2,0,31,15,14,14,4.2,3,22,11,1,1,1,0,19,1
Padilla,Vicente,padilvi01,NL,34,2011,0.74,122,8,6,0,119,61,57,57,4.2,15,97,41,3,7,4,2,21,21
Atkins,Mitch,atkinmi01,NL,26,2011,0.11,30,2,1,0,30,15,14,14,4.2,3,26,12,1,1,1,0,17,0
Barthmaier,Jimmy,barthji01,NL,27,2011,0.04,60,3,4,0,59,30,28,28,4.2,7,49,23,2,2,2,0,17,17
Maddux,Greg,maddugr01,NL,45,2011,0.42,60,3,4,0,63,31,28,28,4.2,6,40,17,2,2,1,0,10,10
Accardo,Jeremy,accarje01,AL,30,2011,0.23,31,1,2,1,32,15,14,15,4.21,3,22,12,1,2,1,0,31,0
Doubront,Felix,doubrfe01,AL,24,2011,0.22,46,3,3,1,45,24,21,22,4.21,5,38,17,1,2,3,0,22,6
Herrmann,Frank,herrmfr01,AL,27,2011,0.33,47,2,2,1,48,23,21,23,4.21,6,33,14,1,2,2,0,42,0
Milton,Eric,miltoer01,NL,36,2011,0.15,62,4,3,0,65,31,28,30,4.21,6,51,22,2,3,2,0,13,13
Schmidt,Jason,schmija01,NL,38,2011,0.12,62,4,4,0,61,32,29,29,4.21,6,47,25,2,3,2,0,14,14
Parisi,Mike,parismi01,NL,28,2011,0.08,31,2,2,0,31,16,15,14,4.21,3,25,12,1,1,1,0,16,3
Weathers,Dave,weathda01,NL,42,2011,0.42,31,2,2,0,31,15,14,15,4.21,4,23,13,1,1,1,0,34,0
Richardson,Dustin,richadu02,AL,27,2011,0.15,32,2,2,0,32,15,14,16,4.22,4,25,14,1,1,1,0,59,0
Rodriguez,Francisco,rodrifr04,AL,28,2011,0.35,49,2,3,0,47,24,23,23,4.22,5,37,21,2,1,4,0,44,0
Rzepczynski,Marc,rzepcma01,AL,26,2011,0.54,95,5,6,0,92,47,44,45,4.22,10,82,39,1,4,5,1,19,18
Slowey,Kevin,sloweke01,AL,27,2011,0.75,145,12,7,0,154,71,68,68,4.22,19,113,31,1,5,3,0,27,26
Giese,Dan,gieseda01,AL,34,2011,0.25,32,1,2,0,32,16,15,15,4.22,4,23,12,1,1,1,0,13,2
Springer,Russ,sprinru01,NL,43,2011,0.39,32,1,2,0,33,15,14,16,4.22,4,27,11,1,1,1,0,42,0
Gray,Jeff,grayje02,NL,30,2011,0.24,32,2,2,0,33,17,15,15,4.22,3,25,11,1,2,1,0,28,0
Stults,Eric,stulter01,NL,32,2011,0.34,65,4,4,0,65,32,30,31,4.22,6,51,26,2,3,2,0,13,13
Parrish,John,parrijo01,AL,34,2011,0.18,33,2,2,0,33,16,15,16,4.23,4,24,13,1,1,1,0,22,3
Rodney,Fernando,rodnefe01,AL,34,2011,0.6,67,3,4,16,65,33,31,32,4.23,6,53,32,2,3,3,0,67,0
Masterson,Justin,masteju01,AL,26,2011,0.77,148,6,10,0,147,78,70,69,4.23,13,121,59,3,8,7,0,37,21
Pavano,Carl,pavanca01,AL,35,2011,0.8,190,13,11,0,204,94,90,89,4.24,22,118,41,2,6,4,0,29,29
Harden,Rich,harderi01,AL,30,2011,0.73,119,7,6,0,107,61,55,57,4.24,17,114,56,2,6,5,0,23,22
Herndon,David,herndda01,NL,26,2011,0.37,51,2,3,0,55,25,23,25,4.24,4,38,18,2,2,2,0,46,0
Jackson,Steven,jacksst01,NL,29,2011,0.31,35,2,2,0,35,18,16,17,4.24,4,26,14,1,1,1,0,33,0
Norberto,Jordan,norbejo01,NL,25,2011,0.18,35,2,2,0,32,18,17,16,4.24,4,29,17,1,1,2,0,58,0
Cashner,Andrew,cashnan01,NL,25,2011,0.38,52,3,4,0,50,26,24,25,4.24,6,46,22,3,3,3,0,51,0
Matsuzaka,Daisuke,matsuda01,AL,31,2011,0.74,143,9,7,0,135,72,69,66,4.25,14,121,66,2,6,6,0,24,24
McClung,Seth,mccluse01,NL,30,2011,0.46,36,2,2,0,35,18,17,17,4.25,4,29,16,1,1,2,0,19,3
Chico,Matt,chicoma01,NL,28,2011,0.19,55,2,3,0,56,28,26,26,4.25,6,44,19,2,2,2,0,12,10
Mateo,Marcos,mateoma01,NL,27,2011,0.2,36,2,2,0,34,19,17,17,4.25,5,33,13,1,1,1,0,35,0
Bailey,Homer,baileho02,NL,25,2011,0.69,126,6,6,0,126,64,60,59,4.25,13,108,48,4,3,5,1,22,22
Leake,Mike,leakemi01,NL,24,2011,0.61,126,7,5,0,132,65,57,62,4.25,15,94,44,3,3,3,0,22,20
Lidge,Brad,lidgebr01,NL,35,2011,0.55,54,2,3,21,51,27,25,26,4.25,6,53,25,3,2,3,0,59,0
Meyer,Dan,meyerda02,NL,30,2011,0.39,36,2,2,0,36,19,17,17,4.25,4,30,15,1,1,1,0,40,1
Saunders,Joe,saundjo01,NL,30,2011,0.82,180,11,11,0,190,93,82,88,4.25,21,113,59,3,5,5,0,29,29
Gonzalez,Enrique,gonzaen01,AL,29,2011,0.25,38,2,2,0,37,19,18,18,4.26,5,26,16,1,1,1,0,27,0
Atchison,Scott,atchisc01,AL,35,2011,0.4,56,3,3,0,55,31,27,26,4.26,7,40,19,2,2,3,0,40,1
Roenicke,Josh,roenijo01,AL,29,2011,0.31,38,2,1,0,37,21,19,17,4.26,3,32,16,1,2,2,0,31,0
Pettyjohn,Adam,pettyad01,NL,34,2011,0.01,37,2,2,0,37,19,18,17,4.26,4,29,14,1,1,1,0,28,9
Niese,Jonathon,niesejo01,NL,25,2011,0.69,149,8,8,0,156,78,68,73,4.26,16,128,53,3,6,5,0,26,26
Fulchino,Jeff,fulchje01,NL,32,2011,0.55,57,3,3,0,57,29,27,27,4.26,6,50,22,2,2,2,0,51,0
Detwiler,Ross,detwiro01,NL,25,2011,0.47,75,3,5,0,78,41,35,36,4.26,7,55,29,3,2,3,0,17,13
Contreras,Jose,contrjo01,NL,40,2011,0.68,75,5,6,1,77,39,35,36,4.26,7,62,27,3,3,3,0,37,9
Bruney,Brian,brunebr01,NL,29,2011,0.38,38,3,2,0,36,19,18,18,4.26,4,33,19,2,1,2,0,41,0
Augenstein,Bryan,augenbr01,NL,25,2011,0.11,37,2,2,0,37,19,18,17,4.26,4,29,13,2,2,1,0,15,4
Estes,Shawn,estessh01,NL,38,2011,0.14,56,3,3,0,57,29,26,27,4.26,6,42,21,2,2,2,0,12,10
Meredith,Cla,meredcl01,AL,28,2011,0.48,39,2,2,0,41,19,18,19,4.27,4,26,13,2,2,1,0,42,0
Bergesen,Brad,bergebr02,AL,26,2011,0.74,156,8,9,0,162,80,73,75,4.27,19,89,46,4,6,2,2,26,25
Cecil,Brett,cecilbr01,AL,25,2011,0.73,155,12,7,0,158,78,73,74,4.27,18,113,52,2,4,5,1,26,26
VandenHurk,Rick,vanderi01,AL,26,2011,0.41,59,3,3,0,57,31,28,28,4.27,7,49,22,1,3,2,0,17,9
Pauley,David,pauleda01,AL,28,2011,0.52,96,5,7,0,96,49,45,46,4.27,12,64,33,2,4,4,0,21,16
Thomas,Brad,thomabr01,AL,34,2011,0.44,61,4,3,0,64,29,28,30,4.28,5,37,24,2,3,3,0,43,2
Wright,Jamey,wrighja01,AL,37,2011,0.61,62,3,4,0,61,35,30,29,4.28,5,41,27,2,4,3,0,51,0
Ni,Fu-Te,nifu01,AL,29,2011,0.33,40,2,2,0,38,20,19,19,4.28,4,31,17,2,2,2,0,42,0
Gabbard,Kason,gabbaka01,AL,29,2011,0.17,60,3,3,0,60,31,28,29,4.28,6,44,25,2,2,2,0,13,13
Ginter,Matt,gintema01,AL,34,2011,0.07,60,3,4,0,61,30,28,29,4.28,7,44,21,1,2,2,0,11,11
Perez,Odalis,perezod01,NL,34,2011,0.37,60,3,4,0,63,30,27,30,4.28,7,48,22,2,2,2,0,11,11
Taylor,Graham,taylogr01,NL,27,2011,0.08,61,3,4,0,61,33,29,29,4.28,6,49,25,2,2,3,0,17,17
Kroenke,Zach,kroenza01,NL,27,2011,0.07,40,3,2,0,40,20,19,19,4.28,5,32,15,1,1,1,0,18,6
Gutierrez,Juan,gutieju01,NL,28,2011,0.54,60,2,4,9,58,30,29,28,4.28,7,52,23,3,3,2,0,59,0
Wood,Tim,woodti01,NL,29,2011,0.32,41,2,2,0,42,21,19,20,4.28,4,29,17,1,1,1,0,37,0
Tucker,Ryan,tuckery01,NL,25,2011,0.12,41,2,2,0,40,21,20,19,4.28,5,34,16,1,1,1,0,14,7
de los Santos,Valerio,delosva01,NL,39,2011,0.03,60,3,4,0,60,30,28,29,4.28,6,49,25,2,2,2,0,15,15
Chacon,Shawn,chacosh01,NL,34,2011,0.24,60,3,3,0,60,31,28,29,4.28,7,46,24,2,2,2,0,11,11
Tomko,Brett,tomkobr01,AL,38,2011,0.41,43,2,3,0,43,22,21,20,4.29,6,29,13,1,1,1,0,15,5
Litsch,Jesse,litscje01,AL,26,2011,0.56,84,4,6,0,85,43,40,40,4.29,11,52,25,1,3,2,0,15,15
Igawa,Kei,igawake01,AL,32,2011,0.01,43,2,3,0,44,22,20,21,4.29,5,32,15,1,2,1,0,21,11
LeCure,Sam,lecursa01,NL,27,2011,0.35,63,3,5,0,62,31,29,31,4.29,7,51,26,3,4,2,0,20,8
Misch,Patrick,mischpa01,NL,30,2011,0.52,63,2,4,0,66,32,29,31,4.29,8,43,19,2,2,1,0,22,9
Bautista,Denny,bautide01,NL,31,2011,0.41,43,3,2,0,41,21,20,21,4.29,4,41,22,2,2,4,0,40,0
Mitre,Sergio,mitrese01,AL,30,2011,0.5,66,3,4,0,66,36,32,31,4.3,8,44,21,1,3,2,0,26,7
Loewen,Adam,loewead01,AL,27,2011,0.07,45,2,3,0,44,23,22,21,4.3,5,34,18,1,1,2,0,15,8
Martin,J.D.,martijd01,NL,28,2011,0.53,92,5,6,0,96,48,42,46,4.3,13,64,29,3,4,2,0,18,18
LeBlanc,Wade,leblawa01,NL,27,2011,0.67,136,8,9,0,137,65,63,67,4.3,19,106,50,5,4,3,0,25,24
Jakubauskas,Chris,jakubch01,NL,33,2011,0.41,44,3,3,0,43,24,22,20,4.3,5,30,15,2,1,2,0,17,4
Grabow,John,grabojo02,NL,33,2011,0.53,45,2,2,0,44,23,21,22,4.3,5,36,20,1,2,2,0,47,0
Waters,Chris,waterch01,AL,31,2011,0.25,48,3,3,0,47,25,23,23,4.31,6,33,18,1,2,1,0,11,7
Beckett,Josh,beckejo02,AL,31,2011,0.79,145,9,6,0,147,76,71,68,4.31,18,130,43,2,6,3,0,23,23
Mahay,Ron,mahayro01,AL,40,2011,0.5,47,2,2,0,49,23,21,24,4.31,6,35,17,1,2,2,0,52,0
Hill,Shawn,hillsh01,AL,30,2011,0.36,72,4,5,0,78,37,34,35,4.31,7,51,23,1,3,2,0,14,14
Ross,Tyson,rossty01,AL,24,2011,0.31,47,2,3,1,45,24,23,22,4.31,5,38,19,1,1,3,0,31,2
Albers,Matt,alberma01,AL,28,2011,0.61,70,4,4,0,71,37,34,33,4.31,6,49,30,3,2,2,0,56,1
Volstad,Chris,volstch01,NL,25,2011,0.78,163,11,10,0,164,85,79,77,4.31,18,112,57,4,6,7,1,29,29
Reyes,Al,reyesal01,AL,40,2011,0.08,25,1,2,0,25,13,12,12,4.32,3,19,9,1,1,1,0,29,0
Newman,Josh,newmajo01,AL,29,2011,0.06,25,1,1,0,25,13,12,12,4.32,3,19,10,1,1,1,0,19,0
Musser,Neal,mussene01,AL,31,2011,0,25,1,1,0,25,12,12,12,4.32,3,19,9,1,1,1,0,25,0
Ramirez,Elizardo,ramirel01,AL,28,2011,0.01,25,1,1,0,25,13,12,12,4.32,3,19,9,1,1,1,0,9,0
Mosebach,Robert,mosebro01,AL,27,2011,0.02,25,1,1,0,25,13,12,12,4.32,3,20,9,1,1,1,0,33,0
Morillo,Juan,morilju01,AL,28,2011,0.02,25,1,1,0,25,13,12,12,4.32,3,19,9,1,1,1,0,35,0
Snyder,Kyle,snydeky01,AL,34,2011,0.01,25,1,1,0,25,13,12,12,4.32,3,19,9,1,1,1,0,30,0
Slocum,Brian,slocubr01,AL,30,2011,0.01,25,1,1,0,25,13,12,12,4.32,3,19,9,1,1,1,0,25,0
Salas,Juan,salasju01,AL,33,2011,0.02,25,1,1,0,25,13,12,12,4.32,3,19,9,1,1,1,0,20,0
Wells,Jared,wellsja02,AL,30,2011,0.03,25,1,1,0,25,13,12,12,4.32,3,19,9,1,1,1,0,24,0
White,Bill,whitebi04,AL,33,2011,0.01,25,1,1,0,25,13,12,12,4.32,3,19,10,1,1,1,0,50,0
Wassermann,Ehren,wasseeh01,AL,31,2011,0.07,25,1,1,0,25,13,12,12,4.32,3,18,10,1,1,1,0,31,0
Carmona,Fausto,carmofa01,AL,28,2011,0.79,178,10,12,0,179,95,87,84,4.32,16,112,72,1,8,5,1,30,30
Harrell,Lucas,harrelu01,AL,26,2011,0.21,50,3,2,0,53,27,23,25,4.32,5,37,21,1,1,2,0,17,6
Woods,Jake,woodsja01,AL,30,2011,0.07,25,1,1,0,25,13,12,12,4.32,3,18,9,1,1,1,0,20,0
Burnett,Alex,burneal01,AL,24,2011,0.35,49,3,2,0,48,25,24,23,4.32,5,38,19,2,2,2,1,42,0
Delaney,Rob,delanro01,AL,27,2011,0.01,25,1,1,0,25,13,12,12,4.32,3,19,9,1,1,1,0,25,0
Wood,Blake,woodbl01,AL,26,2011,0.36,50,2,3,0,50,26,24,24,4.32,6,36,19,2,1,2,0,51,0
Marquez,Jeffrey,marquje01,AL,27,2011,0.01,25,1,1,0,25,13,12,12,4.32,3,19,9,1,1,1,0,25,0
Benitez,Armando,benitar01,AL,39,2011,0.02,25,1,1,0,25,13,12,12,4.32,3,19,9,1,1,1,0,32,0
Bierd,Randor,bierdra01,AL,27,2011,0.12,25,1,1,0,25,12,12,12,4.32,3,19,9,1,1,1,0,20,0
Cherry,Rocky,cherrro01,AL,32,2011,0.06,25,1,2,0,25,13,12,12,4.32,3,19,10,1,1,1,0,26,0
Bauer,Rick,bauerri01,AL,34,2011,0.02,25,1,1,0,25,13,12,12,4.32,3,19,9,1,1,1,0,17,0
Cruceta,Francisco,crucefr01,AL,30,2011,0.04,25,1,2,0,25,13,12,12,4.32,3,19,10,1,1,1,0,28,0
Beltran,Francis,beltrfr01,AL,32,2011,0.05,25,1,1,0,25,13,12,12,4.32,3,19,9,1,1,1,0,21,0
Bukvich,Ryan,bukviry01,AL,33,2011,0.02,25,1,1,0,25,13,12,12,4.32,3,19,9,1,1,1,0,19,0
Britton,Chris,brittch01,AL,29,2011,0.08,25,1,1,0,25,12,12,12,4.32,3,19,9,1,1,1,0,16,0
Elarton,Scott,elartsc01,AL,35,2011,0.05,25,1,1,0,25,13,12,12,4.32,3,19,9,1,1,1,0,13,0
Davidson,Daniel,davidda02,AL,30,2011,0.01,25,1,1,0,25,13,12,12,4.32,3,19,10,1,1,1,0,61,0
Diaz,Jose,diazjo01,AL,31,2011,0,25,1,1,0,25,13,12,12,4.32,3,19,9,1,1,1,0,25,0
Dohmann,Scott,dohmasc01,AL,33,2011,0.05,25,1,1,0,25,13,12,12,4.32,3,19,9,1,1,1,0,20,0
Hansack,Devern,hansade01,AL,33,2011,0.02,25,1,1,0,25,13,12,12,4.32,3,19,9,1,1,1,0,15,0
Littleton,Wes,littlwe01,AL,29,2011,0.06,25,1,1,0,25,13,12,12,4.32,3,19,9,1,1,1,0,17,0
Lowery,Devon,lowerde01,AL,28,2011,0.02,25,1,1,0,25,13,12,12,4.32,3,19,9,1,1,1,0,29,0
Lopez,Aquilino,lopezaq01,AL,36,2011,0.23,25,1,1,0,26,12,11,13,4.32,3,19,9,1,1,1,0,15,0
Foulke,Keith,foulkke01,AL,39,2011,0.1,25,1,2,0,25,13,12,12,4.32,3,18,9,1,1,1,0,25,0
Gordon,Brian,gordobr01,AL,33,2011,0.01,25,1,1,0,25,12,12,12,4.32,3,19,9,1,1,1,0,19,0
Nunez,Vladimir,nunezvl01,NL,36,2011,0.12,25,1,1,0,25,13,12,12,4.32,3,20,10,1,1,1,0,18,0
Mercker,Kent,merckke01,NL,43,2011,0.05,25,1,1,0,25,13,12,12,4.32,3,19,10,1,1,1,0,27,0
Salas,Marino,salasma02,NL,30,2011,0.06,25,1,1,0,25,13,12,12,4.32,3,20,10,1,1,1,0,19,0
Rincon,Ricardo,rincori01,NL,41,2011,0.01,25,1,1,0,25,13,12,12,4.32,3,20,10,1,1,1,0,50,0
Osoria,Franquelis,osorifr01,NL,30,2011,0.19,25,1,1,0,26,13,12,12,4.32,3,19,8,1,1,1,0,18,0
Register,Steven,regisst01,NL,28,2011,0.05,25,1,1,0,25,13,12,12,4.32,3,21,10,1,1,1,0,22,0
Switzer,Jon,switzjo01,NL,32,2011,0.02,25,1,1,0,25,13,12,12,4.32,3,21,10,1,1,1,0,30,0
Russell,James,russeja02,NL,25,2011,0.36,49,2,2,0,50,28,23,24,4.32,7,42,15,1,3,2,0,57,0
Speigner,Levale,speigle01,NL,31,2011,0.03,25,1,1,0,25,13,12,12,4.32,3,20,10,1,1,1,0,22,0
Balester,Collin,balesco01,NL,25,2011,0.43,51,2,4,0,49,26,24,25,4.32,7,45,20,1,2,3,0,20,7
Walrond,Les,walrole01,NL,35,2011,0.04,25,1,1,0,25,13,12,12,4.32,3,21,10,1,1,1,0,15,0
Turnbow,Derrick,turnbde01,NL,33,2011,0.02,25,1,1,0,25,13,12,12,4.32,3,20,10,1,1,1,0,32,0
Wise,Matt,wisema01,NL,36,2011,0.03,25,1,1,0,25,13,12,12,4.32,3,20,9,1,1,1,0,29,0
Bowie,Micah,bowiemi01,NL,37,2011,0.03,25,1,1,0,25,13,12,12,4.32,3,20,9,1,1,1,0,31,0
Dillard,Tim,dillati01,NL,28,2011,0.08,25,1,1,0,25,13,12,12,4.32,3,20,10,1,1,1,0,19,0
DeSalvo,Matt,desalma01,NL,31,2011,0.01,25,1,1,0,25,13,12,12,4.32,3,20,9,1,1,1,0,25,0
Davidson,Dave,davidda01,NL,27,2011,0.01,25,1,1,0,25,13,12,12,4.32,3,21,10,1,1,1,0,25,0
Falkenborg,Brian,falkebr01,NL,33,2011,0.08,25,1,2,0,25,12,12,12,4.32,3,20,10,1,1,1,0,28,0
Butler,Josh,butlejo03,NL,27,2011,0.03,25,1,1,0,25,13,12,12,4.32,3,21,10,1,1,1,0,19,0
Fossum,Casey,fossuca01,NL,33,2011,0.16,25,1,1,0,25,13,12,12,4.32,3,20,10,1,1,1,0,19,0
Garate,Victor,garatvi01,NL,27,2011,0.01,25,1,1,0,25,13,12,12,4.32,3,21,10,1,1,1,0,51,0
Gagne,Eric,gagneer01,NL,35,2011,0.15,25,1,1,1,25,13,12,12,4.32,3,20,10,1,1,1,0,27,0
Manning,Charlie,mannich01,NL,32,2011,0.14,25,1,1,0,24,13,12,12,4.32,3,21,10,1,1,1,0,34,0
King,Ray,kingra01,NL,37,2011,0.02,25,1,1,0,25,13,12,12,4.32,3,20,10,1,1,1,0,47,0
Jimenez,Kelvin,jimenke01,NL,31,2011,0.08,25,1,1,0,25,12,12,12,4.32,3,20,10,1,1,1,0,16,0
Reyes,Anthony,reyesan01,AL,30,2011,0.32,53,3,3,0,52,27,26,25,4.33,6,37,21,1,2,2,0,13,9
Ryan,B.J.,ryanbj01,AL,36,2011,0.27,27,1,2,4,26,14,13,13,4.33,3,21,12,1,1,1,0,30,0
Vizcaino,Luis,vizcalu01,AL,37,2011,0.22,27,1,2,0,26,14,13,13,4.33,3,21,11,1,1,1,0,25,0
James,Justin,jamesju01,AL,30,2011,0.04,27,1,1,0,28,13,13,13,4.33,3,21,10,1,1,1,0,34,0
Wolfe,Brian,wolfebr01,AL,31,2011,0.16,27,2,2,0,28,14,13,13,4.33,3,20,10,1,1,1,0,24,0
Varvaro,Anthony,varvaan01,AL,27,2011,0.04,27,1,2,0,27,14,13,13,4.33,3,21,11,1,1,1,0,27,0
Slama,Anthony,slamaan01,AL,27,2011,0.05,27,1,2,0,27,14,13,13,4.33,3,21,11,1,1,1,0,29,0
Chulk,Vinnie,chulkvi01,AL,33,2011,0.17,26,1,2,0,26,13,12,13,4.33,3,18,10,1,1,1,0,20,0
Aquino,Greg,aquingr01,AL,33,2011,0.13,27,1,2,0,27,14,13,13,4.33,3,20,12,1,1,1,0,19,0
Gosling,Mike,goslimi01,AL,31,2011,0.16,27,1,1,0,28,14,13,13,4.33,3,20,10,1,1,1,0,16,0
Isringhausen,Jason,isrinja01,AL,39,2011,0.18,26,1,2,2,26,13,12,13,4.33,3,19,10,0,1,1,0,26,0
Marshall,Jay,marshja01,AL,28,2011,0.05,26,1,2,0,26,14,13,12,4.33,3,19,9,1,1,1,0,35,0
Stange,Daniel,stangda01,NL,26,2011,0.04,27,1,1,0,26,14,13,13,4.33,3,22,11,1,1,1,0,27,0
Deduno,Samuel,dedunsa01,NL,28,2011,0.03,26,1,1,0,26,13,12,13,4.33,3,22,10,1,1,1,0,40,0
Mathieson,Scott,mathisc01,NL,27,2011,0.02,26,1,1,0,26,13,12,13,4.33,3,22,10,1,1,1,0,31,0
Elbert,Scott,elbersc01,NL,26,2011,0.15,27,2,1,0,27,14,13,13,4.33,3,24,11,1,1,1,0,29,0
Penny,Brad,pennybr01,NL,33,2011,0.7,105,6,7,0,112,56,50,51,4.33,11,72,32,1,4,3,0,18,18
Strickland,Scott,stricsc01,NL,35,2011,0.02,26,1,1,0,27,13,12,13,4.33,3,21,10,1,1,1,0,39,0
Bisenius,Joseph,bisenjo01,NL,29,2011,0.05,27,1,1,0,27,14,13,13,4.33,3,23,11,1,1,1,0,29,0
Veal,Donald,vealdo01,NL,27,2011,0.11,27,2,1,0,26,14,13,13,4.33,3,23,12,1,1,1,0,31,0
Cotts,Neal,cottsne01,NL,31,2011,0.18,26,1,2,0,26,13,12,13,4.33,3,23,10,1,1,1,0,40,0
Geary,Geoff,gearyge01,NL,35,2011,0.28,27,1,2,0,27,14,13,13,4.33,3,21,11,1,1,1,0,23,0
Leach,Brent,leachbr01,NL,29,2011,0.13,27,2,1,0,26,14,13,13,4.33,3,23,11,1,1,2,0,50,0
Lieber,Jon,liebejo01,NL,41,2011,0.15,26,1,2,0,28,13,12,13,4.33,3,20,9,1,1,1,0,15,1
Julio,Jorge,juliojo01,NL,32,2011,0.2,27,2,1,0,26,14,13,13,4.33,3,23,12,1,1,2,0,24,0
Kinney,Josh,kinnejo01,NL,32,2011,0.12,27,1,1,0,27,14,13,13,4.33,3,21,11,1,1,1,0,29,0
Saarloos,Kirk,saarlki01,AL,32,2011,0.09,29,2,2,0,30,15,14,14,4.34,3,21,10,1,1,1,0,9,1
Texeira,Kanekoa,texeika01,AL,25,2011,0.41,56,2,2,0,58,29,27,27,4.34,5,38,21,1,2,2,1,39,0
Purcey,David,purceda01,AL,29,2011,0.5,55,2,3,0,53,30,27,26,4.34,6,45,24,1,2,3,0,27,6
Arrieta,Jake,arrieja01,AL,25,2011,0.53,110,7,6,0,110,57,53,53,4.34,11,71,45,3,4,5,0,20,20
Bale,John,balejo01,AL,37,2011,0.24,29,1,2,0,30,15,14,14,4.34,3,21,12,1,1,1,0,34,1
Guardado,Eddie,guarded01,AL,41,2011,0.33,29,1,2,0,29,15,14,14,4.34,4,19,11,1,1,1,0,34,0
Patton,David,pattoda01,NL,27,2011,0.17,28,2,1,0,27,15,14,13,4.34,3,23,11,1,1,1,0,20,0
Vasquez,Esmerling,vasques01,NL,28,2011,0.5,57,3,4,0,53,30,28,27,4.34,6,51,28,2,4,3,0,59,0
Monasterios,Carlos,monasca01,NL,25,2011,0.5,83,4,5,0,85,42,38,42,4.34,11,60,28,3,5,5,1,30,12
Baez,Danys,baezda01,NL,34,2011,0.52,56,3,4,0,55,30,27,27,4.34,6,39,22,2,3,2,0,53,0
Broadway,Lance,broadla01,NL,28,2011,0.22,29,1,1,0,30,15,14,14,4.34,3,23,11,1,1,1,0,15,0
Herges,Matt,hergema01,NL,41,2011,0.33,28,2,2,0,30,14,13,14,4.34,3,22,10,1,1,1,0,25,0
Johnson,Jason,johnsja02,NL,38,2011,0.1,29,2,2,0,30,15,14,14,4.34,3,23,11,1,1,1,0,16,2
Ortega,Anthony,ortegan01,AL,26,2011,0.09,61,3,4,0,62,33,30,29,4.35,7,46,22,1,2,2,0,15,15
Colon,Roman,colonro01,AL,32,2011,0.29,31,2,2,0,31,16,15,15,4.35,3,22,12,1,1,1,1,29,0
Zink,Charlie,zinkch01,AL,32,2011,0.02,60,3,3,0,61,31,29,29,4.35,7,45,22,1,2,2,0,14,14
Gomez,Jeanmar,gomezje01,AL,23,2011,0.39,89,6,6,0,94,47,41,45,4.35,10,64,32,3,3,3,0,17,17
Perez,Rafael,perezra01,AL,29,2011,0.57,60,4,3,0,65,30,28,30,4.35,5,45,23,3,1,3,1,66,0
Bennett,Jeff,benneje01,AL,31,2011,0.42,31,1,2,0,32,15,14,16,4.35,3,21,13,1,2,1,0,26,1
Keppel,Bobby,keppebo01,AL,29,2011,0.29,30,1,1,0,31,15,14,15,4.35,3,22,11,1,2,1,0,21,0
Perdomo,Luis,perdolu01,NL,27,2011,0.32,31,1,1,0,30,16,15,15,4.35,4,27,13,1,1,2,0,19,0
Buente,Jay,buentja01,NL,28,2011,0.11,31,2,2,0,31,16,15,15,4.35,3,25,13,2,1,1,0,22,0
Corpas,Manuel,corpama01,NL,29,2011,0.56,60,3,4,5,63,31,29,29,4.35,6,46,20,3,2,1,0,56,0
Rodriguez,Rafael,rodrira01,NL,27,2011,0.22,30,1,1,0,32,16,14,15,4.35,3,22,11,1,2,1,0,18,0
Smith,Chris,smithch07,NL,30,2011,0.31,31,1,1,0,30,16,15,15,4.35,4,26,12,1,1,1,0,24,0
Maine,John,mainejo01,NL,30,2011,0.61,88,5,6,0,84,47,43,42,4.35,10,74,40,2,3,5,0,17,17
Villone,Ron,villoro01,NL,41,2011,0.36,30,2,2,0,31,15,14,15,4.35,3,24,14,1,1,1,0,41,0
Herrera,Yoslan,herreyo01,NL,30,2011,0.06,60,3,3,0,62,32,29,29,4.35,6,48,23,2,2,2,0,16,16
Janssen,Casey,janssca01,AL,30,2011,0.52,65,4,3,0,71,32,30,33,4.36,7,51,22,1,3,2,0,48,2
Bowers,Cedrick,bowerce01,AL,33,2011,0.15,32,2,2,0,32,17,16,15,4.36,4,26,12,1,1,1,0,31,0
Ramirez,Edwar,ramired01,AL,30,2011,0.33,33,2,1,0,31,17,16,16,4.36,4,28,15,1,1,1,0,29,0
Colon,Bartolo,colonba01,AL,38,2011,0.38,66,4,5,0,69,37,31,33,4.36,9,46,23,2,2,2,0,13,13
O'Connor,Mike,oconnmi01,NL,31,2011,0.03,32,2,2,0,32,17,15,16,4.36,4,26,13,1,1,1,0,18,4
Villanueva,Carlos,villaca01,NL,28,2011,0.63,63,3,4,1,62,32,31,30,4.36,8,61,22,2,2,3,0,45,3
Albaladejo,Jonathan,albaljo01,AL,29,2011,0.3,34,2,2,0,34,17,16,17,4.37,4,25,14,1,2,1,0,30,0
Marte,Damaso,marteda01,AL,36,2011,0.35,35,2,2,1,33,18,18,16,4.37,4,28,14,1,1,1,0,50,0
Ekstrom,Michael,ekstrmi01,AL,28,2011,0.26,35,1,2,0,34,18,17,17,4.37,4,27,14,1,2,2,0,28,0
Loaiza,Esteban,loaizes01,AL,40,2011,0.09,35,2,2,0,36,18,17,17,4.37,4,25,13,1,1,1,0,13,4
Park,Chan Ho,parkch01,NL,38,2011,0.63,67,3,3,0,69,36,32,33,4.37,7,56,24,2,3,4,0,45,3
Carpenter,Andrew,carpean01,NL,26,2011,0.07,34,2,2,0,35,18,16,17,4.37,4,28,12,1,1,2,0,16,3
Cook,Aaron,cookaa01,NL,32,2011,0.77,140,8,7,0,153,72,67,69,4.37,13,79,46,3,3,3,1,24,24
Seddon,Chris,seddoch01,AL,28,2011,0.2,36,2,2,0,35,19,18,17,4.38,4,27,14,1,1,2,0,23,0
Humber,Philip,humbeph01,AL,29,2011,0.26,39,2,2,0,40,20,19,19,4.38,4,30,15,2,1,2,0,19,1
Hawksworth,Blake,hawksbl01,NL,28,2011,0.57,78,4,5,0,83,40,36,40,4.38,10,57,29,2,2,2,1,44,5
West,Sean,westse01,NL,25,2011,0.47,75,5,5,0,78,41,36,37,4.38,8,60,28,2,2,2,0,15,15
Kawakami,Kenshin,kawakke01,NL,36,2011,0.68,113,4,9,0,118,61,55,55,4.38,12,81,41,7,3,5,0,23,19
Riske,David,riskeda01,NL,35,2011,0.3,37,2,2,0,38,20,18,18,4.38,4,28,14,1,2,1,0,37,0
Rosales,Leo,rosalle01,NL,30,2011,0.39,38,2,2,0,39,20,19,18,4.38,4,29,14,1,1,2,0,31,0
Medders,Brandon,meddebr01,NL,31,2011,0.43,39,2,1,0,41,19,18,20,4.38,4,31,16,2,1,1,0,35,0
Fogg,Josh,foggjo01,NL,35,2011,0.39,38,1,2,0,37,21,19,18,4.38,5,27,14,1,2,1,0,16,4
Flores,Randy,florera01,AL,36,2011,0.35,42,2,2,0,44,21,19,22,4.39,6,30,17,1,1,1,0,79,0
Weinhardt,Robbie,weinhro01,AL,26,2011,0.25,40,2,2,0,42,22,20,19,4.39,4,30,13,1,2,2,0,38,0
Fisher,Carlos,fisheca01,NL,28,2011,0.39,41,2,2,0,40,21,20,20,4.39,4,36,18,2,1,3,0,32,0
Smith,Greg,smithgr02,NL,28,2011,0.54,79,3,5,0,78,41,38,39,4.39,10,61,35,3,2,2,0,14,14
MacDougal,Mike,macdomi01,NL,34,2011,0.41,40,2,2,5,40,21,19,20,4.39,3,30,20,2,2,3,0,40,0
Talbot,Mitch,talbomi01,AL,28,2011,0.65,139,8,10,0,144,75,67,69,4.4,13,87,57,2,6,4,1,25,24
Morales,Franklin,moralfr01,NL,25,2011,0.42,45,2,3,3,43,25,22,22,4.4,5,40,22,2,2,2,1,45,2
Demel,Sam,demelsa01,NL,26,2011,0.29,43,2,2,1,44,24,21,21,4.4,5,37,15,2,1,3,0,43,0
Norris,Bud,norribu01,NL,26,2011,0.68,142,9,8,0,138,78,70,69,4.4,16,138,62,3,6,5,1,25,25
Narveson,Chris,narvech01,NL,30,2011,0.69,135,9,7,0,135,72,68,64,4.4,16,113,48,3,4,6,0,35,21
Galarraga,Armando,galarar01,AL,29,2011,0.77,144,6,9,0,141,75,71,70,4.41,20,92,54,2,5,4,1,26,24
Manship,Jeff,manshje01,AL,26,2011,0.36,50,3,2,0,52,27,25,24,4.41,5,38,17,1,1,2,0,20,4
Atilano,Luis,atilalu01,NL,26,2011,0.49,103,7,7,0,106,57,51,50,4.41,12,68,37,5,3,2,1,19,19
Burns,Mike,burnsmi01,NL,33,2011,0.28,49,3,3,0,51,27,24,24,4.41,6,39,17,2,2,2,0,14,8
Rasner,Darrell,rasneda01,AL,30,2011,0.3,54,3,4,0,56,29,27,26,4.42,6,38,19,1,2,2,0,11,10
Feierabend,Ryan,feierry01,AL,26,2011,0.13,60,3,4,0,62,32,30,29,4.42,7,46,21,1,2,2,0,12,12
Ely,John,elyjo01,NL,25,2011,0.53,110,5,9,0,109,61,57,51,4.42,12,89,41,3,3,4,0,20,20
Weaver,Jeff,weaveje01,NL,35,2011,0.52,58,4,3,0,61,30,28,29,4.42,6,44,23,4,2,2,0,37,3
Ray,Chris,raych01,NL,29,2011,0.49,57,3,3,1,58,29,28,28,4.42,6,44,24,4,1,2,0,64,0
Nieve,Fernando,nievefe01,NL,29,2011,0.44,54,3,4,0,52,28,26,27,4.42,8,44,23,2,2,2,0,38,4
Blanton,Joe,blantjo01,NL,31,2011,0.81,167,9,7,0,179,87,81,83,4.42,22,130,49,5,5,4,0,27,27
Hernandez,Runelvys,hernaru03,NL,33,2011,0.07,60,3,4,0,62,31,29,30,4.42,7,49,23,2,2,2,0,12,12
James,Chuck,jamesch03,NL,30,2011,0.1,60,3,4,0,60,32,30,29,4.42,7,49,24,2,2,2,0,14,14
Nippert,Dustin,nippedu01,AL,30,2011,0.59,67,4,4,0,68,33,32,34,4.43,7,52,30,2,3,2,0,30,6
Heilman,Aaron,heilmaa01,NL,33,2011,0.62,68,4,5,3,68,35,33,34,4.43,8,58,28,4,3,4,0,67,0
Koronka,John,koronjo01,NL,31,2011,0.05,61,3,4,0,61,33,30,30,4.43,8,49,24,2,2,2,0,17,17
Garcia,Freddy,garcifr02,AL,36,2011,0.69,144,9,7,0,152,76,72,70,4.44,18,91,44,4,3,4,0,25,25
Mendez,Adalberto,mendead01,NL,29,2011,0.22,72,4,5,0,73,37,34,37,4.44,10,54,29,2,3,2,0,15,15
Minor,Mike,minormi01,NL,24,2011,0.31,76,5,4,0,80,41,38,37,4.44,9,70,25,2,2,2,0,17,15
Hammel,Jason,hammeja01,NL,29,2011,0.78,159,9,8,0,174,83,78,79,4.44,16,125,46,4,6,8,1,33,26
Pena,Tony,penato03,AL,29,2011,0.66,83,5,4,1,88,46,41,41,4.45,8,56,30,3,2,4,0,60,1
Shields,James,shielja02,AL,30,2011,0.83,183,11,11,0,199,97,89,92,4.45,25,150,46,2,5,7,1,29,29
Carrasco,Carlos,carraca01,AL,24,2011,0.4,85,4,5,0,89,44,41,43,4.45,11,66,29,2,2,3,1,15,15
Maholm,Paul,maholpa01,NL,29,2011,0.81,172,8,11,0,191,93,84,86,4.45,14,111,55,3,7,5,1,28,28
French,Lucas,frenclu01,AL,26,2011,0.6,104,6,7,0,107,55,52,51,4.46,13,63,36,2,4,4,0,20,16
Chen,Bruce,chenbr01,AL,34,2011,0.67,124,8,7,1,126,65,61,62,4.46,16,88,49,4,4,4,0,30,20
Mazzaro,Vin,mazzavi01,AL,25,2011,0.67,124,6,8,0,130,68,59,64,4.46,16,87,48,2,4,5,0,24,20
Gorzelanny,Tom,gorzeto01,NL,29,2011,0.7,122,8,8,0,122,66,61,60,4.46,13,104,56,3,3,2,0,30,21
Marquis,Jason,marquja01,NL,33,2011,0.74,111,7,8,0,117,60,55,55,4.46,10,68,42,3,5,4,1,19,19
Blackburn,Nick,blackni01,AL,29,2011,0.8,160,9,10,0,180,85,78,81,4.47,20,83,39,2,4,3,1,27,26
Kendrick,Kyle,kendrky01,NL,27,2011,0.74,148,10,8,0,158,80,74,73,4.47,18,85,46,3,5,2,1,29,25
Ramirez,Horacio,ramirho01,AL,32,2011,0.24,28,1,2,0,29,15,14,14,4.5,3,19,10,1,1,1,0,24,1
Speier,Justin,speieju01,AL,38,2011,0.36,29,2,2,0,30,15,14,15,4.5,4,23,11,1,2,1,0,28,0
Sowers,Jeremy,sowerje01,AL,28,2011,0.58,71,3,5,0,73,39,37,34,4.5,7,42,26,1,2,2,0,13,13
Stark,Dennis,starkde01,AL,37,2011,0.08,26,1,2,0,27,14,13,13,4.5,3,19,11,1,1,1,0,21,0
Swarzak,Anthony,swarzan01,AL,26,2011,0.31,66,4,5,0,69,36,33,33,4.5,9,47,23,1,2,1,0,13,13
Tazawa,Junichi,tazawju01,AL,25,2011,0.16,51,3,3,0,54,27,25,26,4.5,6,38,18,1,2,1,0,12,8
Castillo,Alberto,castial02,AL,36,2011,0.24,32,2,1,0,33,17,16,16,4.5,4,24,12,1,2,1,0,42,0
Sborz,Jay,sborzja01,AL,26,2011,0.01,25,1,1,0,25,14,13,12,4.5,3,20,9,1,1,1,0,38,0
Lewis,Rommie,lewisro01,AL,29,2011,0.17,34,2,2,0,34,19,18,16,4.5,4,26,13,1,1,1,0,26,0
Mathis,Doug,mathido01,AL,28,2011,0.4,43,2,2,0,45,22,21,22,4.5,6,29,16,1,1,1,0,24,2
Linebrink,Scott,linebsc01,AL,35,2011,0.55,59,3,4,1,62,31,28,31,4.5,9,50,20,2,2,4,0,57,0
Nelson,Joe,nelsojo01,AL,37,2011,0.37,33,2,1,1,33,17,16,17,4.5,4,27,15,1,1,1,0,35,0
Cabrera,Fernando,cabrefe01,AL,30,2011,0.14,26,1,1,0,27,14,13,13,4.5,3,21,11,1,1,1,0,23,0
Stokes,Brian,stokebr01,AL,32,2011,0.46,41,2,2,0,43,22,20,21,4.5,5,30,18,2,1,1,0,38,0
Bowden,Michael,bowdemi01,AL,25,2011,0.24,36,2,2,0,38,19,18,18,4.5,4,28,12,1,1,2,0,26,1
Holland,Derek,hollade01,AL,25,2011,0.63,91,5,7,0,91,50,47,44,4.5,12,75,32,1,4,2,1,22,15
Holland,Greg,hollagr01,AL,26,2011,0.17,34,2,2,0,35,19,17,17,4.5,4,29,13,1,1,2,0,28,0
Viola,Pedro,violape01,AL,28,2011,0.06,26,1,1,0,26,13,13,13,4.5,3,21,10,1,1,1,0,35,0
Hernandez,David,hernada01,AL,26,2011,0.62,88,6,7,1,86,45,43,45,4.5,13,70,38,2,3,5,0,33,12
Borowski,Joe,borowjo01,AL,40,2011,0.06,25,1,2,1,26,13,12,13,4.5,3,18,9,1,1,1,0,27,0
Abreu,Winston,abreuwi01,AL,34,2011,0.04,26,1,1,0,26,14,13,13,4.5,3,19,10,1,1,1,0,21,0
Jones,Todd,jonesto02,AL,43,2011,0.14,25,1,1,2,26,14,12,13,4.5,3,17,10,1,1,1,0,27,0
Jennings,Jason,jennija01,AL,33,2011,0.36,33,2,2,0,35,17,16,17,4.5,4,24,14,1,1,1,0,21,1
Kobayashi,Masahide,kobayma01,AL,37,2011,0.22,26,1,2,1,27,14,13,13,4.5,3,18,9,1,1,1,0,27,0
Henn,Sean,hennse01,AL,30,2011,0.12,26,1,2,0,26,14,13,13,4.5,3,21,11,1,1,1,0,30,0
Jackson,Zach,jacksza01,AL,28,2011,0.22,49,2,3,0,50,26,25,24,4.5,6,36,17,1,2,1,0,11,7
Loux,Shane,louxsh01,AL,32,2011,0.33,41,2,2,0,45,22,20,21,4.5,4,25,14,1,2,1,0,13,4
Mastny,Tom,mastnto01,AL,30,2011,0.07,27,2,2,0,28,15,14,13,4.5,3,21,10,1,1,1,0,19,1
Fukumori,Kazuo,fukumka01,AL,35,2011,0.01,25,1,1,0,26,13,12,13,4.5,3,18,9,1,1,1,0,25,0
Madrigal,Warner,madriwa01,AL,27,2011,0.19,27,1,1,0,27,15,14,13,4.5,3,20,11,1,1,1,0,25,0
Gonzalez,Edgar,gonzaed01,AL,28,2011,0.4,41,1,2,0,42,22,21,20,4.5,4,29,15,1,2,2,0,16,4
Glover,Gary,glovega01,AL,35,2011,0.17,25,1,1,0,26,13,12,13,4.5,3,18,9,1,1,1,0,22,0
Moreno,Edwin,morened01,NL,31,2011,0.14,27,1,2,0,28,14,13,14,4.5,3,22,11,1,1,1,0,23,0
Sanchez,Duaner,sanchdu01,NL,32,2011,0.23,26,2,1,0,26,13,13,13,4.5,3,20,10,1,1,1,0,29,0
Petit,Yusmeiro,petityu01,NL,27,2011,0.47,57,3,4,0,57,31,29,28,4.5,8,48,20,1,1,2,0,16,10
Paronto,Chad,paronch01,NL,36,2011,0.08,26,1,1,0,27,14,13,13,4.5,3,20,9,1,1,1,0,20,0
Redding,Tim,redditi01,NL,33,2011,0.61,62,3,3,0,63,34,31,31,4.5,8,45,23,2,2,3,0,14,10
Redman,Mark,redmama01,NL,37,2011,0.15,57,3,4,0,60,31,29,28,4.5,6,43,21,2,2,2,0,12,11
Batista,Miguel,batismi01,NL,40,2011,0.65,76,3,4,1,77,40,36,40,4.5,9,55,38,5,3,3,0,50,3
Swindle,R.J.,swindrj01,NL,28,2011,0.06,26,1,1,0,26,14,13,13,4.5,3,22,10,1,1,1,0,21,0
Tavarez,Julian,tavarju01,NL,38,2011,0.32,29,2,3,0,30,17,14,15,4.5,3,24,13,1,1,1,0,31,0
Stevens,Jeff,steveje01,NL,28,2011,0.23,35,2,2,0,35,20,18,17,4.5,4,29,14,1,1,2,0,34,0
Mock,Garrett,mockga01,NL,28,2011,0.47,51,2,4,0,54,28,25,26,4.5,5,43,22,2,1,3,0,18,8
Tankersley,Taylor,tanketa01,NL,28,2011,0.17,31,1,2,0,31,17,16,15,4.5,4,25,12,1,1,2,0,61,0
Bergmann,Jay,bergmja01,NL,30,2011,0.48,36,1,3,0,37,20,18,18,4.5,5,29,14,2,1,1,0,23,3
Mulvey,Kevin,mulveke01,NL,26,2011,0.18,42,2,3,0,42,23,21,21,4.5,5,34,16,1,2,2,0,16,6
Thomas,Justin,thomaju01,NL,27,2011,0.14,31,2,2,0,33,16,15,16,4.5,4,24,12,1,1,1,0,32,0
Maya,Yunesky,mayayu01,NL,30,2011,0.23,73,3,5,0,75,39,36,37,4.5,8,54,28,3,3,3,2,14,14
Valdez,Cesar,valdece01,NL,26,2011,0.18,43,2,3,0,45,24,22,21,4.5,4,34,16,2,2,2,0,19,4
Chacin,Gustavo,chacigu01,NL,31,2011,0.3,44,2,2,1,48,23,21,23,4.5,4,36,18,2,1,2,0,51,0
Rincon,Juan,rincoju01,NL,32,2011,0.34,30,2,2,0,29,17,16,14,4.5,3,25,13,2,1,1,0,26,0
Donnelly,Brendan,donnebr01,NL,40,2011,0.37,43,3,2,1,42,23,21,22,4.5,5,35,21,1,2,2,1,52,0
Lindstrom,Matt,lindsma01,NL,31,2011,0.54,56,3,3,13,61,29,27,29,4.5,5,46,22,2,1,4,0,63,0
Wright,Wesley,wrighwe01,NL,26,2011,0.48,48,3,3,0,48,27,24,24,4.5,6,44,20,2,2,1,0,42,2
Valdes,Raul,valdera02,NL,34,2011,0.4,55,3,3,1,56,29,27,28,4.5,6,48,23,1,3,2,0,36,1
Proctor,Scott,proctsc01,NL,34,2011,0.17,28,1,1,0,28,15,14,14,4.5,3,24,12,1,1,1,0,30,0
Ledezma,Wilfredo,ledezwi01,NL,30,2011,0.33,37,1,2,0,38,21,19,18,4.5,4,33,15,1,1,2,0,34,2
Francis,Jeff,francje01,NL,30,2011,0.63,111,5,7,0,120,60,57,54,4.5,12,79,33,3,3,2,0,20,20
Wells,Kip,wellski01,NL,34,2011,0.41,38,2,2,0,36,21,20,18,4.5,4,29,18,1,2,1,0,19,3
Yates,Tyler,yatesty01,NL,34,2011,0.27,26,1,2,0,26,14,13,13,4.5,3,22,11,1,1,1,0,28,0
Vasquez,Virgil,vasquvi01,NL,29,2011,0.25,47,2,3,0,50,25,23,24,4.5,5,37,17,1,2,1,0,15,7
Van Benschoten,John,vanbejo01,NL,31,2011,0.08,44,2,3,0,46,24,22,22,4.5,5,37,18,2,2,1,0,18,10
Borkowski,Dave,borkoda01,NL,34,2011,0.12,25,1,1,0,26,13,12,13,4.5,3,20,9,1,1,1,0,18,0
Ayala,Luis,ayalalu01,NL,33,2011,0.37,29,1,2,1,31,16,15,14,4.5,3,23,10,1,1,1,0,29,0
De La Cruz,Eulogio,delaceu01,NL,27,2011,0.06,28,2,1,0,28,15,14,14,4.5,3,23,12,1,1,1,0,22,2
Dumatrait,Phil,dumatph01,NL,30,2011,0.28,34,2,2,0,34,18,17,17,4.5,4,26,15,1,1,1,0,17,4
Carlyle,Buddy,carlybu01,NL,34,2011,0.28,27,1,1,0,28,15,13,14,4.5,3,22,11,2,1,1,0,20,0
Carrillo,Cesar,carrice01,NL,27,2011,0.07,61,4,4,0,61,33,31,30,4.5,7,49,25,3,3,3,0,18,18
Corey,Bryan,coreybr01,NL,38,2011,0.14,25,1,1,0,26,13,12,13,4.5,3,19,9,1,1,1,0,26,0
Gardner,Lee,gardnle01,NL,36,2011,0.02,25,1,1,0,26,13,12,13,4.5,3,20,10,1,1,1,0,26,0
Korecky,Bobby,korecbo01,NL,32,2011,0.1,26,1,1,0,26,14,13,13,4.5,3,20,10,1,1,1,0,22,0
Martinez,Pedro,martipe02,NL,40,2011,0.43,64,4,3,0,69,33,31,33,4.5,8,52,22,2,3,2,0,12,12
Lopez,Arturo,lopezar02,NL,28,2011,0.02,25,1,1,0,26,13,12,13,4.5,3,21,10,1,1,1,0,43,0
Johnson,Randy,johnsra05,NL,48,2011,0.59,65,4,4,0,68,35,32,33,4.5,9,55,21,2,2,2,1,13,11
Hernandez,Livan,hernali01,NL,36,2011,0.82,184,9,11,0,207,97,92,93,4.52,18,106,60,5,3,2,1,30,30
Feldman,Scott,feldmsc01,AL,28,2011,0.78,144,9,8,0,152,80,73,72,4.53,16,86,48,2,6,6,1,28,23
Burnett,A.J.,burneaj01,AL,34,2011,0.82,174,10,11,0,175,93,86,89,4.53,20,148,72,2,11,12,1,29,29
Correia,Kevin,correke01,NL,31,2011,0.78,150,9,9,0,155,81,77,74,4.53,17,115,57,5,4,4,0,28,26
Stammen,Craig,stammcr01,NL,27,2011,0.69,123,5,6,0,132,70,64,60,4.54,13,83,37,3,3,5,0,29,20
Olsen,Scott,olsensc01,NL,27,2011,0.68,105,5,7,0,110,59,54,52,4.54,13,74,36,5,2,2,0,19,18
Tillman,Chris,tillmch01,AL,23,2011,0.52,93,4,6,0,91,51,48,46,4.55,13,65,38,2,3,4,0,18,18
Harrison,Matt,harrima01,AL,26,2011,0.63,84,5,4,1,87,46,43,42,4.55,10,54,33,2,2,3,0,28,10
Richmond,Scott,richmsc01,AL,32,2011,0.53,70,4,5,0,72,39,36,35,4.56,10,56,26,1,1,2,0,14,12
Gaudin,Chad,gaudich01,AL,28,2011,0.69,81,4,5,0,81,45,41,41,4.56,11,67,32,1,5,3,1,33,8
Oliver,Andrew,olivean01,AL,24,2011,0.2,71,3,6,0,71,41,37,35,4.56,8,56,28,2,3,4,0,16,16
Berken,Jason,berkeja01,AL,28,2011,0.62,78,4,5,0,86,42,39,40,4.56,9,53,27,2,2,2,0,31,9
Bonine,Eddie,bonined01,AL,30,2011,0.53,66,4,2,0,73,34,32,35,4.57,8,38,22,2,3,3,0,36,4
Beltre,Omar,beltrom01,AL,30,2011,0.07,63,3,4,0,64,34,32,32,4.57,8,50,26,1,3,2,0,18,18
Mortensen,Clayton,mortecl01,AL,26,2011,0.23,62,3,4,0,64,37,32,31,4.57,8,45,22,1,3,2,0,13,12
Byrd,Paul,byrdpa01,AL,41,2011,0.48,62,3,4,0,68,33,31,32,4.57,8,36,19,1,2,1,0,11,10
Hampton,Mike,hamptmi01,NL,39,2011,0.54,61,3,4,0,65,34,31,31,4.57,7,43,23,3,2,1,0,16,11
Moyer,Jamie,moyerja01,NL,49,2011,0.76,130,9,8,0,137,71,67,65,4.57,19,80,37,2,7,2,0,23,21
Geer,Josh,geerjo01,NL,28,2011,0.47,67,3,4,0,69,37,34,34,4.57,11,47,20,1,2,1,0,12,11
Lehr,Justin,lehrju01,NL,34,2011,0.33,67,4,4,0,69,35,33,35,4.57,9,48,26,2,3,3,0,11,11
Mills,Brad,millsbr02,AL,26,2011,0.24,55,3,3,0,54,31,29,27,4.58,7,44,23,1,2,2,0,17,9
Morris,Matt,morrima01,NL,37,2011,0.08,60,3,4,0,64,34,30,31,4.58,7,46,22,2,2,2,0,13,13
Reynolds,Greg,reynogr01,NL,26,2011,0.19,57,3,4,0,59,32,29,29,4.58,7,43,21,2,2,2,0,13,12
Karstens,Jeff,karstje01,NL,29,2011,0.7,117,4,8,0,127,65,60,59,4.58,15,74,36,4,2,2,1,30,17
Glavine,Tom,glavito02,NL,45,2011,0.19,60,3,4,0,62,32,30,31,4.58,7,45,26,2,2,2,0,12,12
Thompson,Brad,thompbr01,AL,29,2011,0.52,48,2,4,0,51,27,25,24,4.59,5,29,15,1,3,2,0,24,4
Shields,Scot,shielsc01,AL,36,2011,0.47,50,2,3,1,49,28,25,26,4.59,6,40,26,1,2,3,0,50,1
Meche,Gil,mechegi01,AL,33,2011,0.71,95,4,6,0,98,52,49,48,4.59,11,72,41,2,2,3,0,20,16
Walters,P.J.,waltepj01,NL,26,2011,0.31,52,3,2,0,52,30,28,25,4.59,7,43,19,1,1,1,0,16,5
Ohka,Tomokazu,ohkato01,AL,35,2011,0.35,44,2,3,0,45,24,23,22,4.6,7,28,14,1,2,1,0,11,4
Figaro,Alfredo,figaral01,AL,27,2011,0.23,43,2,3,0,45,24,22,22,4.6,5,32,17,2,1,2,0,19,5
Sampson,Chris,sampsch01,NL,33,2011,0.54,47,3,2,1,52,26,24,24,4.6,5,32,15,2,1,1,0,38,2
Igarashi,Ryota,igarary01,NL,32,2011,0.25,40,2,2,0,39,23,22,19,4.61,4,33,17,1,1,2,0,45,0
Kazmir,Scott,kazmisc01,AL,27,2011,0.77,150,10,11,0,145,83,79,75,4.62,20,115,65,2,8,7,0,27,27
Colome,Jesus,colomje01,AL,34,2011,0.38,36,2,2,0,37,20,19,18,4.62,4,27,15,1,2,2,0,30,0
Estrada,Marco,estrama01,NL,28,2011,0.19,36,2,2,0,36,21,19,18,4.62,5,31,14,1,2,2,0,23,3
Leroux,Christopher,lerouch01,NL,27,2011,0.23,37,2,2,0,39,21,20,18,4.62,3,31,16,2,1,1,0,36,0
Taschner,Jack,taschja01,NL,33,2011,0.38,38,2,2,0,41,21,19,20,4.62,4,30,17,1,1,2,0,40,0
Mata,Frank,matafr01,AL,27,2011,0.16,34,2,2,0,35,19,18,17,4.63,4,25,13,2,2,1,0,29,0
Smoltz,John,smoltjo01,NL,44,2011,0.41,67,3,5,0,73,37,35,34,4.63,8,58,22,2,2,2,0,13,13
Owings,Micah,owingmi01,NL,29,2011,0.62,68,4,5,0,66,39,36,34,4.63,8,53,32,1,4,2,0,21,9
Chavez,Jesse,chaveje01,AL,28,2011,0.56,63,3,4,0,65,35,33,32,4.64,9,46,22,3,2,3,0,59,0
O'Sullivan,Sean,osullse01,AL,24,2011,0.57,99,6,6,0,100,55,52,50,4.64,15,64,34,2,2,4,1,23,17
Rusch,Glendon,ruschgl01,NL,37,2011,0.31,32,2,2,0,36,18,16,17,4.64,4,25,11,1,1,1,0,15,2
Ramos,Cesar,ramosce01,NL,27,2011,0.17,33,2,2,0,36,18,17,17,4.64,3,28,12,1,1,1,0,32,2
Hennessey,Brad,hennebr01,NL,31,2011,0.13,33,2,2,0,35,18,17,17,4.64,4,26,12,1,1,1,0,14,3
Bullington,Bryan,bullibr01,AL,31,2011,0.37,59,2,4,0,62,32,31,30,4.65,7,43,22,2,3,2,0,19,6
Valdez,Merkin,valdeme01,AL,30,2011,0.31,31,2,1,0,32,17,16,16,4.65,3,23,13,1,1,2,0,31,0
Todd,Jess,toddje01,AL,25,2011,0.19,30,1,2,0,32,16,16,15,4.65,3,25,11,1,1,1,0,27,0
Sonnanstine,Andy,sonnaan01,AL,28,2011,0.7,90,5,4,0,96,50,47,46,4.65,12,60,27,2,4,3,0,28,11
Lambert,Chris,lambech01,AL,28,2011,0.15,31,2,2,0,33,17,16,16,4.65,4,24,12,1,1,1,0,14,2
Gallagher,Sean,gallase01,NL,26,2011,0.55,60,3,3,0,61,35,31,31,4.65,6,50,30,2,3,1,1,35,5
Rivera,Saul,riversa01,NL,34,2011,0.39,31,2,2,0,34,18,16,16,4.65,3,23,12,1,1,1,0,26,0
Moseley,Dustin,moseldu01,AL,30,2011,0.51,82,5,5,0,86,44,42,43,4.66,12,54,31,1,3,2,0,20,13
Schlitter,Brian,schlibr01,NL,26,2011,0.08,29,2,2,0,31,16,15,15,4.66,3,24,11,1,1,1,0,25,0
Kensing,Logan,kensilo01,NL,29,2011,0.32,29,1,1,0,30,16,15,15,4.66,4,23,12,1,1,2,0,25,0
Percival,Troy,percitr01,AL,42,2011,0.2,26,1,1,5,26,14,13,14,4.67,4,19,11,0,1,1,0,30,0
McCrory,Bob,mccrobo01,AL,29,2011,0.07,26,1,1,0,27,16,14,13,4.67,3,19,11,1,1,1,0,27,0
Thayer,Dale,thayeda01,AL,31,2011,0.11,27,1,1,0,29,15,14,14,4.67,3,20,9,1,1,1,0,20,0
Ring,Royce,ringro01,AL,31,2011,0.1,26,1,1,0,27,15,14,13,4.67,3,20,10,1,1,1,0,51,0
Fien,Casey,fienca01,AL,28,2011,0.1,27,1,2,0,27,15,14,14,4.67,4,20,10,1,1,1,0,21,0
Gobble,Jimmy,gobblji01,AL,30,2011,0.17,26,1,1,0,27,15,14,13,4.67,3,20,11,1,1,1,0,30,0
Banks,Josh,banksjo01,NL,29,2011,0.35,54,3,3,0,58,30,28,28,4.67,7,38,20,2,2,2,0,12,9
Majewski,Gary,majewga01,NL,31,2011,0.15,26,1,1,0,28,15,13,14,4.67,3,21,10,1,1,1,0,24,0
Embree,Alan,embreal01,NL,41,2011,0.29,27,1,2,0,28,15,14,14,4.67,3,21,11,1,1,1,0,35,0
Nomo,Hideo,nomohi01,AL,43,2011,0.02,25,1,1,0,26,14,13,13,4.68,3,18,10,1,1,1,0,17,0
Traber,Billy,trabebi01,AL,32,2011,0.08,25,1,1,0,27,14,13,13,4.68,3,19,9,1,1,1,0,22,0
Timlin,Mike,timlimi01,AL,45,2011,0.16,25,1,2,0,27,14,13,13,4.68,3,18,10,1,1,1,0,24,0
Millwood,Kevin,millwke01,AL,37,2011,0.81,175,8,12,0,194,94,87,95,4.68,23,118,61,2,7,6,1,28,28
Egbert,Jack,egberja01,AL,28,2011,0.02,25,1,1,0,26,14,13,13,4.68,3,19,9,1,1,1,0,19,0
Howry,Bobby,howrybo01,NL,38,2011,0.53,49,2,4,0,52,29,26,25,4.68,6,35,17,3,1,2,0,50,0
Rosario,Sandy,rosarsa02,NL,26,2011,0.01,25,1,1,0,27,14,13,13,4.68,3,21,9,1,1,1,0,51,0
Claggett,Anthony,claggan01,NL,27,2011,0.03,25,1,1,0,26,14,13,13,4.68,3,21,10,1,1,1,0,21,0
Gordon,Tom,gordoto01,NL,44,2011,0.11,25,2,2,0,26,14,13,13,4.68,3,20,11,1,1,1,0,31,0
Fox,Chad,foxch02,NL,41,2011,0.01,25,1,2,0,26,14,13,13,4.68,3,20,10,1,1,1,0,44,0
Davies,Kyle,davieky01,AL,28,2011,0.77,164,9,11,0,171,93,87,84,4.69,18,116,70,2,4,7,1,29,29
Martinez,Joe,martijo07,NL,28,2011,0.31,48,3,3,0,53,27,24,26,4.69,5,36,18,2,2,2,1,18,5
Sosa,Jorge,sosajo02,NL,34,2011,0.4,47,3,3,1,50,27,24,25,4.69,6,34,20,3,1,2,0,33,2
Perkins,Glen,perkigl01,AL,28,2011,0.61,67,4,4,0,75,37,35,35,4.7,8,41,19,1,3,1,0,17,10
Wakefield,Tim,wakefti01,AL,45,2011,0.76,135,7,8,0,143,77,72,69,4.7,16,82,45,2,7,7,1,26,20
Bell,Trevor,belltr01,AL,25,2011,0.46,69,3,5,0,78,39,36,36,4.7,6,52,25,2,2,4,0,28,9
Ortiz,Ramon,ortizra01,NL,38,2011,0.25,44,2,3,0,46,25,23,23,4.7,5,34,19,2,1,2,1,24,3
Diamond,Thomas,diamoth01,NL,28,2011,0.25,46,2,3,0,47,26,24,24,4.7,6,43,20,2,2,2,0,25,5
Duke,Zach,dukeza01,NL,28,2011,0.8,161,8,12,0,186,91,82,86,4.7,19,98,46,2,4,3,2,27,27
Bazardo,Yorman,bazaryo01,NL,27,2011,0.2,46,2,3,0,47,27,25,23,4.7,4,36,20,1,2,1,1,16,8
Bonser,Boof,bonsebo01,AL,30,2011,0.42,42,2,2,0,45,24,23,21,4.71,5,32,14,1,1,2,0,20,3
Qualls,Chad,quallch01,AL,33,2011,0.57,60,3,4,11,67,36,32,31,4.72,6,47,18,2,2,3,0,65,0
Silva,Walter,silvawa01,NL,34,2011,0.16,62,3,4,0,66,37,33,32,4.72,7,47,25,2,2,2,0,15,15
Silva,Carlos,silvaca01,NL,32,2011,0.67,118,7,8,0,132,67,63,61,4.73,13,80,33,3,6,4,0,23,22
Davis,Doug,davisdo02,NL,36,2011,0.71,99,4,7,0,107,55,50,54,4.73,11,77,45,2,3,5,0,18,18
Bush,David,bushda01,NL,32,2011,0.78,157,8,11,0,168,93,82,83,4.73,23,109,54,4,8,2,1,29,28
Cabrera,Daniel,cabreda01,NL,30,2011,0.51,58,2,4,0,60,34,30,31,4.73,6,39,28,2,4,5,0,12,10
Looper,Braden,loopebr01,NL,37,2011,0.69,79,5,4,0,87,44,40,43,4.73,12,49,25,2,3,2,0,14,14
Rowland-Smith,Ryan,rowlary01,AL,28,2011,0.71,112,4,7,0,118,66,59,59,4.74,16,66,40,1,5,4,1,28,18
Harang,Aaron,haranaa01,NL,33,2011,0.76,130,6,10,0,148,71,66,71,4.74,18,107,40,3,4,6,0,23,22
Bass,Brian,bassbr01,NL,29,2011,0.52,38,2,2,0,41,21,19,21,4.74,4,28,17,3,2,2,0,21,1
Trachsel,Steve,trachst01,AL,41,2011,0.13,53,3,4,0,56,31,28,28,4.75,7,37,22,1,2,2,0,13,11
Hill,Rich,hillri01,AL,31,2011,0.36,54,3,3,0,55,32,30,27,4.75,6,41,25,1,2,1,0,19,11
Rogers,Esmil,rogeres01,NL,26,2011,0.46,72,3,3,0,79,45,39,37,4.75,6,63,26,2,4,4,1,28,8
Simon,Alfredo,simonal01,AL,30,2011,0.39,51,3,3,9,53,29,26,28,4.76,9,38,20,1,2,2,0,46,1
Hart,Kevin,hartke01,NL,29,2011,0.42,50,3,4,0,54,29,26,27,4.77,6,39,22,2,2,2,0,15,7
Ambriz,Hector,ambrihe01,AL,27,2011,0.35,49,2,2,0,55,27,25,27,4.78,7,38,17,1,1,3,0,35,0
Lincoln,Brad,lincobr01,NL,26,2011,0.37,80,3,5,0,85,47,44,41,4.78,10,56,27,2,5,2,0,17,14
Wellemeyer,Todd,welleto01,NL,33,2011,0.7,96,6,7,0,102,54,50,52,4.78,13,70,41,2,3,3,0,20,17
Hendrickson,Mark,hendrma01,AL,37,2011,0.68,78,3,5,0,88,45,41,42,4.79,10,52,25,3,3,2,0,41,6
Strop,Pedro,stroppe01,AL,26,2011,0.15,31,2,1,0,32,17,17,16,4.79,3,26,13,1,1,2,0,40,0
Gabino,Armando,gabinar01,AL,28,2011,0.07,31,2,2,0,33,18,17,16,4.79,4,23,12,1,1,1,0,28,3
Hochevar,Luke,hochelu01,AL,28,2011,0.73,125,7,9,0,132,75,70,63,4.79,14,91,43,1,5,5,1,22,21
McCutchen,Daniel,mccutda01,NL,29,2011,0.51,77,3,5,0,83,43,41,41,4.79,11,53,29,2,2,2,0,27,11
Rupe,Josh,rupejo01,AL,29,2011,0.32,30,2,1,0,32,16,16,16,4.8,3,22,13,1,1,1,0,21,0
Olson,Garrett,olsonga01,AL,28,2011,0.6,61,3,4,0,63,34,33,32,4.8,9,43,24,1,2,3,0,29,7
Wang,Chien-Ming,wangch01,AL,31,2011,0.4,59,3,4,0,63,34,33,30,4.81,6,41,22,1,2,2,0,13,11
Lohse,Kyle,lohseky01,NL,33,2011,0.73,117,6,8,0,134,69,63,62,4.81,12,79,39,3,3,3,0,22,22
Paulino,Felipe,paulife01,NL,28,2011,0.64,106,3,9,0,114,66,58,56,4.84,11,96,44,4,4,6,1,23,17
Walker,Jamie,walkeja01,AL,40,2011,0.19,26,1,1,0,29,15,13,15,4.85,4,19,9,1,1,1,0,43,0
Williams,Randy,willira01,AL,36,2011,0.29,39,2,2,0,42,21,20,22,4.85,4,32,19,4,3,1,0,47,0
Tallet,Brian,tallebr01,AL,34,2011,0.7,90,4,5,0,92,53,50,47,4.85,13,65,38,2,4,2,0,33,10
Ortiz,Russ,ortizru01,NL,37,2011,0.42,51,2,3,0,55,30,28,27,4.85,5,41,23,2,2,2,0,17,7
Bootcheck,Chris,bootcch01,NL,33,2011,0.15,26,1,1,0,27,16,15,13,4.85,3,22,11,1,1,1,0,21,0
Lincoln,Mike,lincomi01,NL,36,2011,0.4,37,2,2,0,39,22,20,20,4.86,5,27,16,1,2,1,0,34,0
Moehler,Brian,moehlbr01,NL,40,2011,0.7,94,5,6,0,108,54,50,52,4.88,11,59,33,4,3,2,1,22,16
Reyes,Jo-Jo,reyesjo03,NL,27,2011,0.4,59,2,4,0,62,36,33,31,4.88,8,47,24,2,2,2,0,13,11
Ottavino,Adam,ottavad01,NL,26,2011,0.2,57,3,4,0,63,33,31,31,4.89,7,45,21,2,2,2,0,13,8
Schoeneweis,Scott,schoesc01,AL,38,2011,0.35,34,2,2,0,37,20,18,19,4.9,5,24,15,1,1,1,0,49,0
Burres,Brian,burrebr01,NL,30,2011,0.59,89,5,6,0,97,53,49,48,4.9,10,60,36,3,5,3,0,22,15
Liz,Radhames,lizra01,AL,28,2011,0.25,53,3,3,0,56,32,30,28,4.92,7,40,22,1,2,2,0,13,10
Samardzija,Jeff,samarje01,NL,26,2011,0.37,43,3,3,0,44,27,24,23,4.92,5,33,20,2,2,2,0,24,4
Lopez,Rodrigo,lopezro01,NL,36,2011,0.71,162,7,12,0,183,99,87,90,4.92,26,104,51,2,3,3,0,28,27
Snell,Ian,snellia01,AL,30,2011,0.69,94,4,7,0,102,55,51,52,4.93,11,64,45,1,2,4,0,19,17
Benson,Kris,bensokr01,NL,37,2011,0.25,52,3,3,0,57,30,28,29,4.93,7,39,21,1,3,2,0,15,8
Lerew,Anthony,lerewan01,AL,29,2011,0.28,72,3,6,0,75,43,40,39,4.94,12,52,27,1,3,3,0,16,15
Haeger,Charlie,haegech01,NL,28,2011,0.33,61,3,4,0,62,38,34,33,4.94,8,53,30,1,3,3,0,20,11
Rogers,Kenny,rogerke01,AL,47,2011,0.39,60,3,4,0,67,35,33,33,4.95,7,37,24,1,3,2,0,10,10
Bonderman,Jeremy,bondeje01,AL,29,2011,0.69,141,7,8,0,150,85,79,76,4.95,20,96,53,2,7,6,0,28,24
Penn,Hayden,pennha01,NL,27,2011,0.16,30,2,1,0,32,19,17,16,4.95,3,26,14,1,1,1,0,24,1
Daigle,Casey,daiglca01,NL,30,2011,0.1,30,2,2,0,34,17,16,17,4.95,4,24,12,1,1,2,0,38,0
Ponson,Sidney,ponsosi01,AL,35,2011,0.49,59,3,4,0,67,36,33,32,4.96,6,36,22,1,2,2,0,12,10
Torres,Carlos,torreca01,AL,29,2011,0.27,49,2,3,0,53,28,27,27,4.96,6,39,21,2,2,1,0,16,7
Eveland,Dana,evelada01,NL,28,2011,0.61,86,5,6,0,97,51,47,48,4.97,7,60,41,3,4,4,0,19,16
Huff,David,huffda01,AL,27,2011,0.65,113,6,9,0,127,68,64,61,4.98,14,66,40,2,3,3,0,21,21
DiNardo,Lenny,dinarle01,AL,32,2011,0.2,47,2,3,0,53,29,26,26,4.98,5,32,20,1,2,2,0,15,9
Bannister,Brian,bannibr01,AL,30,2011,0.77,139,7,11,0,153,85,79,75,4.99,18,90,48,2,4,8,1,25,24
Miller,Andrew,millean01,NL,26,2011,0.58,74,4,6,0,81,47,41,41,4.99,7,62,36,2,2,6,0,20,14
Perez,Oliver,perezol01,NL,30,2011,0.64,80,3,5,0,79,48,44,45,5.01,11,71,48,3,4,4,0,20,14
Yabuta,Yasuhiko,yabutya01,AL,38,2011,0.2,26,2,2,0,29,16,15,14,5.02,3,19,10,0,1,1,0,22,0
Parra,Manny,parrama01,NL,29,2011,0.75,122,6,8,0,135,74,66,70,5.02,15,113,57,3,3,9,1,32,20
Eaton,Adam,eatonad01,NL,34,2011,0.43,57,3,4,0,63,34,32,32,5.05,7,42,24,3,2,2,0,13,10
Willis,Dontrelle,willido03,NL,29,2011,0.52,93,4,6,0,94,55,52,53,5.08,9,71,60,2,5,7,1,22,19
Backe,Brandon,backebr01,NL,33,2011,0.42,54,3,3,0,60,32,30,31,5.08,8,44,22,2,2,2,0,12,9
Suppan,Jeff,suppaje01,NL,36,2011,0.75,118,5,8,0,140,70,63,71,5.11,16,68,47,4,5,5,0,27,20
Robertson,Nate,roberna01,NL,34,2011,0.68,102,5,7,0,115,66,60,57,5.16,12,72,42,3,4,3,1,27,17
Morton,Charlie,mortoch02,NL,28,2011,0.66,109,5,11,0,123,72,65,61,5.2,13,82,41,3,6,5,1,22,22
Buckner,Billy,bucknbi02,NL,28,2011,0.44,63,3,5,0,72,39,37,37,5.29,9,53,23,1,3,4,0,16,11
Mendoza,Luis,mendolu01,AL,28,2011,0.22,37,2,3,0,42,26,23,21,5.35,5,26,14,1,2,1,0,19,5
Marte,Victor,martevi01,AL,31,2011,0.29,40,3,2,0,43,26,25,23,5.4,6,29,18,1,2,2,0,31,0
